file,dialect,loc,sloc,comment_lines,blank_lines,distinct_operators,distinct_operands,total_operators,total_operands,vocabulary,length,calculated_length,volume,difficulty,effort,time_seconds,delivered_bugs,program_level,language_level,dialect_distinct_operators,dialect_total_operators,dialect_distinct_operands,dialect_total_operands
src/common/AlignedAllocator.h,cpp,108,53,44,11,42,41,217,118,83,335,446.1369639460494,2135.6382095012195,60.4390243902439,129075.88983278102,7170.882768487834,0.7118794031670732,0.016545601291364002,0.5846457429368026,0,0,0,0
src/common/FileReader.cpp,cpp,23,18,2,3,13,22,47,36,35,83,146.21321194585474,425.7304904064322,10.636363636363637,4528.224307050234,251.5680170583463,0.14191016346881072,0.09401709401709402,3.763122897156716,0,0,0,0
src/common/FileReader.h,cpp,17,5,7,5,9,8,11,10,17,21,52.529325012980806,85.83671966625712,5.625,482.83154812269635,26.82397489570535,0.028612239888752375,0.17777777777777778,2.7128642264891143,0,0,0,0
src/common/TypeDefinitions.h,cpp,92,45,34,13,30,46,233,127,76,360,401.29056784687816,2249.2539048396907,41.41304347826087,93148.44975477415,5174.913875265231,0.7497513016132302,0.024146981627296588,1.3114875931250916,0,0,0,0
src/common/UtilityContainer.h,cpp,600,275,278,47,51,145,1304,895,196,2199,1330.3805104927117,16744.746947209343,157.39655172413794,2635565.428984036,146420.30161022424,5.581582315736448,0.006353379340563041,0.6759088947756207,0,0,0,0
src/common/UtilityFloatArithmetic.cpp,cpp,51,32,7,12,31,23,198,100,54,298,257.6220106113044,1714.9564756447135,67.39130434782608,115573.15379344807,6420.73076630267,0.5716521585482378,0.014838709677419357,0.3776116443771295,0,0,0,0
src/common/UtilityFloatArithmetic.h,cpp,122,33,77,12,33,36,123,70,69,193,352.58230599075216,1178.9452201581867,32.083333333333336,37824.49248007516,2101.360693337509,0.3929817400527289,0.031168831168831165,1.1453406085530702,0,0,0,0
src/common/cuda/Common_Structs.cuh,cuda,208,113,63,32,40,73,260,160,113,420,664.7343165937358,2864.4751642143788,43.83561643835616,125566.03459569879,6975.890810872155,0.9548250547381263,0.022812500000000003,1.4907019677830498,11,15,0,0
src/common/cuda/helper_math.h,cuda+hip,1178,986,91,101,50,54,6151,3704,104,9855,592.9567346055635,66032.83342228046,1714.8148148148148,113234081.01672538,6290782.278706965,22.010944474093485,0.0005831533477321815,0.02245564217066948,14,1136,0,0
src/common/cuda/helper_math_double.h,cuda,1174,982,91,101,44,53,6140,3703,97,9843,543.7947753118906,64962.9421056479,1537.0943396226414,99854170.59582475,5547453.921990264,21.654314035215965,0.0006505781553040532,0.027495691024789114,12,1134,0,0
src/common/hip/CheckHip.h,hip,22,14,6,2,24,13,42,19,37,61,158.14481635314195,317.77665530336594,17.538461538461537,5573.313646859033,309.62853593661293,0.10592555176778864,0.05701754385964913,1.03309200419877,5,5,0,0
src/common/opencl/OpenCLUtility.cpp,opencl,78,57,10,11,43,40,246,130,83,376,446.2065082476847,2397.0148261864438,69.875,167491.41097977775,9305.07838776543,0.7990049420621479,0.014311270125223614,0.4909384854628998,13,37,0,0
src/common/opencl/OpenCLUtility.h,opencl,44,17,20,7,20,19,42,22,39,64,167.14918465317538,338.2657420071839,11.578947368421053,3916.761223241077,217.59784573561538,0.11275524733572798,0.08636363636363636,2.523015141830442,4,7,0,0
src/common/vulkan/VulkanUtility.cpp,vulkan,185,136,31,18,55,99,609,360,154,969,974.2810896317376,7041.516157933359,100.0,704151.615793336,39119.53421074089,2.347172052644453,0.01,0.704151615793336,17,42,0,0
src/common/vulkan/VulkanUtility.h,vulkan,115,31,68,16,29,46,189,119,75,308,394.96529883732217,1918.4761566727311,37.51086956521739,71963.70887693038,3997.983826496132,0.6394920522242437,0.026658939437844104,1.363459185737217,4,11,0,0
src/matrixMultiplication/MatrixMultiplication.h,cpp,181,108,55,18,57,108,466,327,165,793,1062.0025810410448,5841.493515896932,86.29166666666666,504072.2113092727,28004.01173940404,1.9471645052989772,0.011588604538870112,0.7844877829698139,0,0,0,0
src/matrixMultiplication/acpp/Impl_AdaptiveCpp.cpp,sycl,56,44,4,8,42,54,266,169,96,435,537.2412568735352,2864.458687813703,65.72222222222223,188258.59042686727,10458.810579270405,0.9548195626045677,0.015215553677092137,0.6631596353037713,11,13,0,0
src/matrixMultiplication/acpp/Impl_AdaptiveCpp.h,sycl,27,18,0,9,24,23,59,34,47,93,214.08102500661903,516.5767632060202,17.73913043478261,9163.622582089403,509.0901434494113,0.17219225440200675,0.056372549019607844,1.641610845203676,1,1,0,0
src/matrixMultiplication/acpp/Impl_AdaptiveCppShr.cpp,sycl,86,71,3,12,47,67,362,247,114,609,667.4936517895196,4161.230018626327,86.63432835820896,360505.36780770926,20028.07598931718,1.3870766728754425,0.01154276854164872,0.554423585474857,13,17,0,0
src/matrixMultiplication/acpp/Impl_AdaptiveCppShr.h,sycl,27,18,0,9,24,23,59,34,47,93,214.08102500661903,516.5767632060202,17.73913043478261,9163.622582089403,509.0901434494113,0.17219225440200675,0.056372549019607844,1.641610845203676,1,1,0,0
src/matrixMultiplication/acpp/main.cpp,cpp,30,19,8,3,15,30,58,46,45,104,205.81007680238335,571.1527220182862,11.5,6568.256303210292,364.9031279561273,0.19038424067276208,0.08695652173913043,4.318735138134489,0,0,0,0
src/matrixMultiplication/alpaka/Impl_Alpaka.cpp,alpaka,94,76,4,14,51,66,407,235,117,642,688.2237043182042,4410.774149972546,90.79545454545455,400478.24384409824,22248.791324672125,1.4702580499908486,0.011013767209011264,0.5350404372390926,18,35,0,0
src/matrixMultiplication/alpaka/Impl_Alpaka.h,alpaka,54,30,12,12,29,35,117,63,64,180,320.4063544517734,1080.0,26.1,28188.0,1566.0,0.36,0.038314176245210725,1.5854141894569953,8,9,0,0
src/matrixMultiplication/alpaka/main.cpp,cpp,20,18,0,2,15,29,57,45,44,102,199.48480779282735,556.8620251010043,11.637931034482758,6480.721843847895,360.0401024359942,0.1856206750336681,0.08592592592592593,4.111459758441216,0,0,0,0
src/matrixMultiplication/boost/Impl_Boost.cpp,boost_compute,57,47,0,10,29,63,245,169,92,414,517.4500840391943,2700.7546498076035,38.89682539682539,105050.78205323067,5836.154558512815,0.9002515499358679,0.025709038971638443,1.7850764384078588,5,9,0,0
src/matrixMultiplication/boost/Impl_Boost.h,boost_compute,31,22,0,9,26,25,64,36,51,100,238.3078374160365,567.2425341971496,18.72,10618.78024017064,589.9322355650355,0.18908084473238318,0.05341880341880342,1.61866546074046,5,5,0,0
src/matrixMultiplication/boost/main.cpp,cpp,20,18,0,2,15,29,57,45,44,102,199.48480779282735,556.8620251010043,11.637931034482758,6480.721843847895,360.0401024359942,0.1856206750336681,0.08592592592592593,4.111459758441216,0,0,0,0
src/matrixMultiplication/cpp/Impl_Cpp.cpp,cpp,41,25,14,2,31,35,164,103,66,267,333.10499121506695,1613.853229868707,45.614285714285714,73614.76232815403,4089.7090182307793,0.5379510766229023,0.02192295646727216,0.7756437166327831,0,0,0,0
src/matrixMultiplication/cpp/Impl_Cpp.h,cpp,22,15,0,7,21,19,51,29,40,80,172.9492886337821,425.754247590989,16.026315789473685,6823.272020602955,379.0706678112753,0.14191808253032967,0.06239737274220033,1.6576452649809188,0,0,0,0
src/matrixMultiplication/cpp/main.cpp,cpp,20,18,0,2,15,29,57,45,44,102,199.48480779282735,556.8620251010043,11.637931034482758,6480.721843847895,360.0401024359942,0.1856206750336681,0.08592592592592593,4.111459758441216,0,0,0,0
src/matrixMultiplication/cuda/Impl_Cublas.cu,cuda,66,53,5,8,40,35,268,147,75,415,392.4020293885683,2584.9597565557906,84.0,217136.61955068642,12063.14553059369,0.8616532521852636,0.011904761904761904,0.36634917184747595,13,25,0,0
src/matrixMultiplication/cuda/Impl_Cublas.cuh,cuda,37,27,0,10,29,25,76,40,54,116,256.9778536030677,667.5669502509623,23.200000000000003,15487.553245822328,860.4196247679071,0.22252231675032078,0.043103448275862065,1.2402774789145403,4,4,0,0
src/matrixMultiplication/cuda/Impl_Cuda.cu,cuda,158,120,15,23,70,90,789,459,160,1248,1013.3165898558184,9137.766262419429,178.5,1631091.277841868,90616.18210232601,3.045922087473143,0.0056022408963585435,0.28678973589182905,25,50,0,0
src/matrixMultiplication/cuda/Impl_Cuda.cuh,cuda,25,17,0,8,25,24,71,36,49,107,226.13550476167586,600.7739533203273,18.75,11264.511624756138,625.8062013753411,0.20025798444010912,0.05333333333333334,1.7088681338889313,1,3,0,0
src/matrixMultiplication/cuda/Impl_CudaBuffer.cu,cuda,209,158,18,33,76,111,1048,594,187,1642,1229.0226521865743,12392.0007031355,203.35135135135135,2519930.0889295,139996.11605163888,4.130666901045166,0.004917597022860181,0.29967278486254056,27,66,0,0
src/matrixMultiplication/cuda/Impl_CudaBuffer.cuh,cuda,25,17,0,8,25,24,71,36,49,107,226.13550476167586,600.7739533203273,18.75,11264.511624756138,625.8062013753411,0.20025798444010912,0.05333333333333334,1.7088681338889313,1,3,0,0
src/matrixMultiplication/cuda/Impl_CudaNaive.cu,cuda,88,69,5,14,59,51,447,228,110,675,636.3696323528949,4577.417806629145,131.88235294117646,603680.6307330908,33537.812818505045,1.5258059355430484,0.007582515611061553,0.2631765448755498,20,37,0,0
src/matrixMultiplication/cuda/Impl_CudaNaive.cuh,cuda,25,17,0,8,25,24,71,36,49,107,226.13550476167586,600.7739533203273,18.75,11264.511624756138,625.8062013753411,0.20025798444010912,0.05333333333333334,1.7088681338889313,1,3,0,0
src/matrixMultiplication/cuda/Impl_CudaTensor.cu,cuda,94,74,2,18,60,77,498,294,137,792,836.9559993700185,5621.641409704737,114.54545454545455,643933.470566179,35774.08169812106,1.8738804699015792,0.00873015873015873,0.4284571747129461,24,48,0,0
src/matrixMultiplication/cuda/Impl_CudaTensor.cuh,cuda,25,17,0,8,25,24,71,36,49,107,226.13550476167586,600.7739533203273,18.75,11264.511624756138,625.8062013753411,0.20025798444010912,0.05333333333333334,1.7088681338889313,1,3,0,0
src/matrixMultiplication/cuda/main.cu,cuda,60,30,24,6,15,35,88,72,50,160,238.1282645272016,903.0169903639559,15.428571428571427,13932.262137043888,774.0145631691049,0.30100566345465196,0.06481481481481483,3.7935384540323946,0,0,0,0
src/matrixMultiplication/hip/Impl_HipNaive.h,hip,24,16,0,8,25,23,69,35,48,104,220.13832973367943,580.8361000750002,19.021739130434785,11048.512773165767,613.806265175876,0.1936120333583334,0.05257142857142857,1.605288735031772,1,3,0,0
src/matrixMultiplication/hip/Impl_HipNaive.hip,hip,85,72,0,13,59,51,487,228,110,715,636.3696323528949,4848.672195170132,131.88235294117646,639454.2977394962,35525.238763305344,1.6162240650567106,0.007582515611061553,0.2787721919792861,20,37,0,0
src/matrixMultiplication/hip/main.hip,hip,20,18,0,2,15,29,57,45,44,102,199.48480779282735,556.8620251010043,11.637931034482758,6480.721843847895,360.0401024359942,0.1856206750336681,0.08592592592592593,4.111459758441216,0,0,0,0
src/matrixMultiplication/kokkos/Impl_Kokkos.cpp,kokkos,54,41,3,10,39,44,269,136,83,405,446.34567775566876,2581.8909696955043,60.27272727272727,155617.6102643745,8645.42279246525,0.8606303232318347,0.016591251885369532,0.7107161954850229,12,30,0,0
src/matrixMultiplication/kokkos/Impl_Kokkos.h,cpp,21,14,0,7,21,18,50,28,39,78,167.29731590431558,412.2613730712554,16.333333333333332,6733.602426830504,374.0890237128058,0.13742045769041847,0.06122448979591837,1.5453362589093291,0,0,0,0
src/matrixMultiplication/kokkos/main.cpp,kokkos,22,20,0,2,16,31,62,49,47,111,217.58008562199313,616.5593625362178,12.64516129032258,7796.4925843289475,433.13847690716375,0.2055197875120726,0.07908163265306123,3.855903447764638,1,1,0,0
src/matrixMultiplication/openacc/Impl_OpenACC.cpp,openacc,40,34,0,6,40,41,203,130,81,333,432.53675598483596,2111.17005096058,63.41463414634147,133879.07640237824,7437.726466798791,0.7037233503201933,0.015769230769230768,0.5249817833823571,13,25,8,13
src/matrixMultiplication/openacc/Impl_OpenACC.h,openmp,23,16,0,7,21,20,52,30,41,82,178.67722777610123,439.3192643786829,15.75,6919.278413964255,384.4043563313475,0.14643975479289428,0.06349206349206349,1.7710023255376481,0,0,0,0
src/matrixMultiplication/openacc/main.cpp,cpp,21,18,0,3,15,29,57,45,44,102,199.48480779282735,556.8620251010043,11.637931034482758,6480.721843847895,360.0401024359942,0.1856206750336681,0.08592592592592593,4.111459758441216,0,0,0,0
src/matrixMultiplication/opencl/Impl_OpenCL.cpp,opencl,100,80,7,13,63,65,481,235,128,716,768.0225430273442,5012.0,113.88461538461539,570789.6923076924,31710.538461538465,1.6706666666666667,0.008780817291455589,0.3864389945572984,31,64,0,0
src/matrixMultiplication/opencl/Impl_OpenCL.h,opencl,39,28,0,11,31,28,78,44,59,122,288.18602343960606,717.6824520221446,24.357142857142858,17480.694009967952,971.1496672204418,0.23922748400738153,0.04105571847507331,1.2097054600178907,6,6,0,0
src/matrixMultiplication/opencl/MatrixMultiplication.cl,opencl,15,14,0,1,20,15,64,40,35,104,145.04192083187502,533.4454337622765,26.666666666666664,14225.211566994038,790.2895314996688,0.1778151445874255,0.037500000000000006,0.7501576412282015,3,6,0,0
src/matrixMultiplication/opencl/main.cpp,cpp,20,18,0,2,15,29,57,45,44,102,199.48480779282735,556.8620251010043,11.637931034482758,6480.721843847895,360.0401024359942,0.1856206750336681,0.08592592592592593,4.111459758441216,0,0,0,0
src/matrixMultiplication/openmp/Impl_OpenMP.cpp,openmp,26,22,1,3,32,30,146,89,62,235,307.20671786825557,1399.2361329409157,47.46666666666667,66417.07511026213,3689.837506125674,0.4664120443136386,0.021067415730337078,0.6210313760725169,3,3,0,0
src/matrixMultiplication/openmp/Impl_OpenMP.h,openmp,23,16,0,7,21,20,52,30,41,82,178.67722777610123,439.3192643786829,15.75,6919.278413964255,384.4043563313475,0.14643975479289428,0.06349206349206349,1.7710023255376481,0,0,0,0
src/matrixMultiplication/openmp/Impl_OpenMPDevice.cpp,openmp,37,30,1,6,40,41,200,127,81,327,432.53675598483596,2073.130950943272,61.951219512195124,128432.99061941248,7135.166145522915,0.691043650314424,0.016141732283464567,0.5401657152544548,14,23,8,10
src/matrixMultiplication/openmp/Impl_OpenMPDevice.h,openmp,23,16,0,7,21,20,52,30,41,82,178.67722777610123,439.3192643786829,15.75,6919.278413964255,384.4043563313475,0.14643975479289428,0.06349206349206349,1.7710023255376481,0,0,0,0
src/matrixMultiplication/openmp/main.cpp,cpp,21,19,0,2,15,30,58,46,45,104,205.81007680238335,571.1527220182862,11.5,6568.256303210292,364.9031279561273,0.19038424067276208,0.08695652173913043,4.318735138134489,0,0,0,0
src/matrixMultiplication/raja/Impl_Raja.cpp,raja+sycl,104,84,8,12,71,49,486,209,120,695,711.7528278464777,4800.288963947921,151.41836734693877,726851.9177145223,40380.66209525124,1.6000963213159736,0.006604218613114092,0.20936798011692434,32,59,0,0
src/matrixMultiplication/raja/Impl_Raja.h,cpp,20,13,0,7,21,17,48,27,38,75,161.72553417960972,393.5945635082689,16.676470588235293,6563.768162034955,364.6537867797197,0.13119818783608964,0.0599647266313933,1.4152749096098434,0,0,0,0
src/matrixMultiplication/raja/main.cpp,cpp,20,18,0,2,15,29,57,45,44,102,199.48480779282735,556.8620251010043,11.637931034482758,6480.721843847895,360.0401024359942,0.1856206750336681,0.08592592592592593,4.111459758441216,0,0,0,0
src/matrixMultiplication/slang/Impl_SlangCuda.cu,cuda,97,78,0,19,45,73,384,236,118,620,698.9905821330766,4267.238690604342,72.73972602739727,310397.7732480693,17244.32073600385,1.422412896868114,0.01374764595103578,0.8064985931469436,17,25,0,0
src/matrixMultiplication/slang/Impl_SlangCuda.cuh,cuda,27,18,0,9,22,22,56,33,44,89,196.21499122004107,485.88941405871947,16.5,8017.175331968871,445.3986295538262,0.16196313801957316,0.06060606060606061,1.7847177743203655,0,0,0,0
src/matrixMultiplication/slang/Impl_SlangVulkan.cpp,cpp,53,38,0,15,30,62,263,158,92,421,516.3668891122418,2746.4195835000023,38.225806451612904,104984.10343379041,5832.450190766134,0.9154731945000008,0.026160337552742614,1.8795486618907242,0,0,0,0
src/matrixMultiplication/slang/Impl_SlangVulkan.h,cpp,30,20,0,10,21,29,65,43,50,108,233.12011473705354,609.5364684956702,15.56896551724138,9489.852259510177,527.2140144172321,0.20317882283189007,0.06423034330011074,2.514665253902562,0,0,0,0
src/matrixMultiplication/slang/MatrixMultiplicationShader.slang,vulkan+slang,36,30,0,6,36,28,108,75,64,183,320.7232378695361,1098.0,48.21428571428571,52939.28571428571,2941.0714285714284,0.366,0.020740740740740744,0.472335802469136,11,14,0,0
src/matrixMultiplication/slang/main.cpp,cpp,20,18,0,2,15,29,57,45,44,102,199.48480779282735,556.8620251010043,11.637931034482758,6480.721843847895,360.0401024359942,0.1856206750336681,0.08592592592592593,4.111459758441216,0,0,0,0
src/matrixMultiplication/slang/main.cu,cuda,20,18,0,2,15,29,57,45,44,102,199.48480779282735,556.8620251010043,11.637931034482758,6480.721843847895,360.0401024359942,0.1856206750336681,0.08592592592592593,4.111459758441216,0,0,0,0
src/matrixMultiplication/stdpar/Impl_Stdpar.cpp,stdpar,44,32,6,6,33,42,199,115,75,314,392.94233769553693,1955.8490688157065,45.17857142857143,88362.4668589953,4909.02593661085,0.6519496896052355,0.022134387351778657,0.9582312924441962,1,1,0,0
src/matrixMultiplication/stdpar/Impl_Stdpar.h,cpp,21,14,0,7,21,18,49,28,39,77,167.29731590431558,406.9759708523932,16.333333333333332,6647.274190589088,369.29301058828264,0.13565865695079773,0.06122448979591837,1.5255242555899788,0,0,0,0
src/matrixMultiplication/stdpar/main.cpp,cpp,20,18,0,2,15,29,57,45,44,102,199.48480779282735,556.8620251010043,11.637931034482758,6480.721843847895,360.0401024359942,0.1856206750336681,0.08592592592592593,4.111459758441216,0,0,0,0
src/matrixMultiplication/vulkan/Impl_Vulkan.cpp,cpp,51,37,0,14,30,61,262,157,91,419,508.98169545959166,2726.765954243254,38.60655737704918,105271.04626627643,5848.3914592375795,0.9089219847477513,0.025902335456475585,1.8294717596367036,0,0,0,0
src/matrixMultiplication/vulkan/Impl_Vulkan.h,cpp,31,21,0,10,21,30,66,44,51,110,239.44538374660954,623.9667876168645,15.399999999999999,9609.088529299712,533.8382516277618,0.2079889292056215,0.06493506493506494,2.6309950565730507,0,0,0,0
src/matrixMultiplication/vulkan/MatrixMultiplicationShader.comp,glsl,35,28,0,7,40,30,126,72,70,198,360.08384166375004,1213.5980373551033,48.0,58252.70579304496,3236.261432946942,0.40453267911836777,0.020833333333333332,0.526735259268708,17,31,0,0
src/matrixMultiplication/vulkan/MatrixMultiplicationShaderShr.comp,glsl,66,49,3,14,47,40,209,134,87,343,473.9427998243434,2209.929619076114,78.72500000000001,173976.70926176707,9665.372736764837,0.7366432063587046,0.012702445220704984,0.3565768171219786,20,37,0,0
src/matrixMultiplication/vulkan/main.cpp,cpp,20,18,0,2,15,29,57,45,44,102,199.48480779282735,556.8620251010043,11.637931034482758,6480.721843847895,360.0401024359942,0.1856206750336681,0.08592592592592593,4.111459758441216,0,0,0,0
src/nBodySimulation/CSVFileHandler.h,cpp,129,67,46,16,33,66,275,216,99,491,565.3950178164869,3255.0141004590882,54.0,175770.76142479078,9765.042301377265,1.0850047001530294,0.018518518518518517,1.116259979581306,0,0,0,0
src/nBodySimulation/NBodySimulation.h,cpp,262,108,118,36,54,96,409,293,150,702,942.9203251860583,5074.630720728108,82.40625,418181.2878300006,23232.29376833337,1.691543573576036,0.012135001896094046,0.7472813459902942,0,0,0,0
src/nBodySimulation/Particle.h,cpp,151,120,0,31,42,83,525,374,125,899,755.6056045585027,6262.240071911217,94.62650602409639,592573.8978890445,32920.77210494692,2.087413357303739,0.010567863509039979,0.6993653376987866,0,0,0,0
src/nBodySimulation/acpp/Impl_AdaptiveCpp.cpp,sycl,191,165,0,26,52,107,911,609,159,1520,1017.7598328882596,11115.58209203222,147.98130841121497,1644898.3817311982,91383.24342951101,3.705194030677407,0.006757610205886068,0.5075963430513137,12,29,0,0
src/nBodySimulation/acpp/Impl_AdaptiveCpp.h,sycl,97,34,42,21,27,39,112,75,66,187,334.5126490940413,1130.3017003200307,25.961538461538463,29344.3710660008,1630.2428370000443,0.37676723344001023,0.038518518518518514,1.6770018094185801,1,3,0,0
src/nBodySimulation/acpp/main.cpp,cpp,17,15,0,2,13,27,53,43,40,96,176.48767889424784,510.90509710918684,10.351851851851851,5288.813875630286,293.82299309057146,0.1703016990363956,0.0966010733452594,4.767647515114164,0,0,0,0
src/nBodySimulation/alpaka/Impl_Alpaka.cpp,alpaka,232,199,0,33,56,120,1108,714,176,1822,1154.0387471082481,13591.084409157156,166.6,2264274.662565582,125793.036809199,4.530361469719052,0.006002400960384154,0.4896706969398981,17,63,0,0
src/nBodySimulation/alpaka/Impl_Alpaka.h,alpaka,102,53,31,18,31,57,182,123,88,305,486.0548164293834,1970.1266436843757,33.44736842105263,65895.55168744319,3660.863982635733,0.6567088812281252,0.02989771833202203,1.7610441195192141,9,10,0,0
src/nBodySimulation/alpaka/main.cpp,cpp,17,15,0,2,13,27,53,43,40,96,176.48767889424784,510.90509710918684,10.351851851851851,5288.813875630286,293.82299309057146,0.1703016990363956,0.0966010733452594,4.767647515114164,0,0,0,0
src/nBodySimulation/boost/Impl_Boost.cpp,boost_compute,145,122,0,23,38,103,692,477,141,1169,888.1307998107277,8346.13553095419,87.99029126213593,734378.8962819207,40798.827571217815,2.78204517698473,0.011364890212953768,1.0779929541220215,7,12,0,0
src/nBodySimulation/boost/Impl_Boost.h,boost_compute,134,58,47,29,38,57,235,129,95,364,531.8959763182465,2391.427441432465,43.0,102831.379981596,5712.854443421999,0.7971424804774884,0.023255813953488372,1.2933625967725606,10,18,0,0
src/nBodySimulation/boost/main.cpp,cpp,17,15,0,2,13,27,53,43,40,96,176.48767889424784,510.90509710918684,10.351851851851851,5288.813875630286,293.82299309057146,0.1703016990363956,0.0966010733452594,4.767647515114164,0,0,0,0
src/nBodySimulation/cpp/Impl_Cpp.cpp,cpp,95,81,1,13,39,81,471,290,120,761,719.6585367692823,5256.143743258082,69.81481481481481,366956.7020756105,20386.483448645027,1.7520479144193608,0.014323607427055704,1.0783805666219117,0,0,0,0
src/nBodySimulation/cpp/Impl_Cpp.h,cpp,85,21,49,15,23,24,73,51,47,124,214.08102500661903,688.7690176080271,24.4375,16831.79286779616,935.0996037664534,0.229589672536009,0.04092071611253197,1.153347168762992,0,0,0,0
src/nBodySimulation/cpp/main.cpp,cpp,17,15,0,2,13,27,53,43,40,96,176.48767889424784,510.90509710918684,10.351851851851851,5288.813875630286,293.82299309057146,0.1703016990363956,0.0966010733452594,4.767647515114164,0,0,0,0
src/nBodySimulation/cuda/Impl_Cuda.cu,cuda,250,204,3,43,67,119,1158,752,186,1910,1226.911289594316,14399.79332921634,211.69747899159663,3048399.9457951095,169355.55254417274,4.79993110973878,0.004723721816449667,0.32131047675010665,19,64,0,0
src/nBodySimulation/cuda/Impl_Cuda.cuh,cuda,87,45,19,23,36,44,152,98,80,250,426.3322912719643,1580.4820237218407,40.090909090909086,63362.96113284834,3520.164507380463,0.5268273412406136,0.024943310657596373,0.9833265196617805,4,4,0,0
src/nBodySimulation/cuda/main.cu,cuda,17,15,0,2,13,27,53,43,40,96,176.48767889424784,510.90509710918684,10.351851851851851,5288.813875630286,293.82299309057146,0.1703016990363956,0.0966010733452594,4.767647515114164,0,0,0,0
src/nBodySimulation/hip/Impl_Hip.h,hip,89,46,19,24,36,45,153,99,81,252,433.2506893867586,1597.6422007269252,39.6,63266.63114878624,3514.8128415992355,0.5325474002423084,0.025252525252525252,1.0188005055140579,4,4,0,0
src/nBodySimulation/hip/Impl_Hip.hip,hip,255,209,3,43,67,121,1194,787,188,1981,1243.6104274708966,14965.6405151734,217.88842975206612,3260839.912085034,181157.772893613,4.988546838391133,0.004589504826566026,0.3152295854130322,19,64,0,0
src/nBodySimulation/hip/main.hip,hip,17,15,0,2,13,27,53,43,40,96,176.48767889424784,510.90509710918684,10.351851851851851,5288.813875630286,293.82299309057146,0.1703016990363956,0.0966010733452594,4.767647515114164,0,0,0,0
src/nBodySimulation/kokkos/Impl_Kokkos.cpp,kokkos,193,163,3,27,49,95,775,494,144,1269,899.2570651530853,9098.634826830294,127.4,1159166.0769381796,64398.11538545442,3.032878275610098,0.007849293563579277,0.5605797157268231,9,27,0,0
src/nBodySimulation/kokkos/Impl_Kokkos.h,kokkos,165,36,104,25,30,40,151,87,70,238,360.08384166375004,1458.769358032902,32.625,47592.35030582343,2644.0194614346346,0.48625645267763395,0.03065134099616858,1.3705206751824799,1,7,0,0
src/nBodySimulation/kokkos/Impl_KokkosReduction.cpp,kokkos,68,54,3,11,47,53,234,161,100,395,564.6454601206985,2624.3231949610163,71.38679245283019,187342.0152478303,10407.889735990573,0.8747743983203388,0.01400819347165323,0.514969587286781,12,12,0,0
src/nBodySimulation/kokkos/Impl_KokkosReduction.h,kokkos,33,15,11,7,20,14,39,21,34,60,139.7415308065537,305.24777047502033,15.0,4578.716557125305,254.37314206251696,0.10174925682500678,0.06666666666666667,1.356656757666757,0,0,0,0
src/nBodySimulation/kokkos/main.cpp,kokkos,25,22,0,3,14,31,81,68,45,149,206.8830545307996,818.2861113531216,15.354838709677418,12564.651258196318,698.0361810109066,0.2727620371177072,0.06512605042016807,3.470680712036358,1,1,0,0
src/nBodySimulation/openacc/Impl_OpenACC.cpp,openacc,191,154,11,26,49,97,827,585,146,1412,915.3123280537966,10152.032277138585,147.7577319587629,1500041.2640421523,83335.62578011958,3.384010759046195,0.00676783533926391,0.46499957667015096,10,36,4,9
src/nBodySimulation/openacc/Impl_OpenACC.h,openacc,98,39,35,24,25,41,125,88,66,213,335.75603693370954,1287.4559474233506,26.82926829268293,34541.50102843136,1918.9722793572978,0.4291519824744502,0.03727272727272727,1.7886061550567371,0,0,0,0
src/nBodySimulation/openacc/main.cpp,cpp,17,15,0,2,13,27,53,43,40,96,176.48767889424784,510.90509710918684,10.351851851851851,5288.813875630286,293.82299309057146,0.1703016990363956,0.0966010733452594,4.767647515114164,0,0,0,0
src/nBodySimulation/opencl/ForceKernel.cl,opencl,88,73,2,13,31,43,235,169,74,404,386.90947007418333,2508.619159714096,60.91860465116279,152821.57881095522,8490.087711719734,0.8362063865713654,0.016415346440160336,0.6759815466709771,4,17,0,0
src/nBodySimulation/opencl/Impl_OpenCL.cpp,opencl,206,170,4,32,77,109,1074,552,186,1626,1220.2746550341922,12258.672226861658,194.9724770642202,2390103.6895895777,132783.5383105321,4.086224075620552,0.00512892904197252,0.3224755665368259,35,116,0,0
src/nBodySimulation/opencl/Impl_OpenCL.h,opencl,142,64,47,31,44,58,256,120,102,376,579.9778889374402,2508.831928581282,45.51724137931035,114195.10847335492,6344.172692964163,0.8362773095270941,0.02196969696969697,1.2109318479894733,14,34,0,0
src/nBodySimulation/opencl/main.cpp,cpp,17,15,0,2,13,27,53,43,40,96,176.48767889424784,510.90509710918684,10.351851851851851,5288.813875630286,293.82299309057146,0.1703016990363956,0.0966010733452594,4.767647515114164,0,0,0,0
src/nBodySimulation/openmp/Impl_OpenMP.cpp,openmp,192,167,3,22,57,101,923,628,158,1551,1004.9540905653214,11328.163940422686,177.20792079207922,2007440.3782741113,111524.46545967285,3.776054646807562,0.005643088613252877,0.36073913996353624,10,34,0,0
src/nBodySimulation/openmp/Impl_OpenMP.h,openmp,99,41,33,25,30,42,137,86,72,223,373.6840496249635,1375.8932753216357,30.71428571428571,42259.57917059309,2347.7543983662827,0.45863109177387856,0.03255813953488372,1.4584915195405115,2,2,0,0
src/nBodySimulation/openmp/main.cpp,cpp,17,15,0,2,13,27,53,43,40,96,176.48767889424784,510.90509710918684,10.351851851851851,5288.813875630286,293.82299309057146,0.1703016990363956,0.0966010733452594,4.767647515114164,0,0,0,0
src/nBodySimulation/raja/Impl_Raja.cpp,raja,235,198,3,34,64,109,974,679,173,1653,1121.732091400685,12289.440460283506,199.3394495412844,2449770.296523303,136098.34980685016,4.0964801534278354,0.005016568483063328,0.3092755589995409,16,23,0,0
src/nBodySimulation/raja/Impl_Raja.h,cuda,172,37,110,25,29,37,132,81,66,213,333.63122338697076,1287.4559474233506,31.743243243243242,40868.027304019604,2270.4459613344225,0.4291519824744502,0.031502767134951044,1.2777026152429687,0,0,0,0
src/nBodySimulation/raja/main.cpp,cpp,17,15,0,2,13,27,53,43,40,96,176.48767889424784,510.90509710918684,10.351851851851851,5288.813875630286,293.82299309057146,0.1703016990363956,0.0966010733452594,4.767647515114164,0,0,0,0
src/nBodySimulation/slang/cell_lists/Impl_Slang_Cuda.cu,cuda,386,297,25,64,62,204,1642,1207,266,2849,1934.3349410061712,22949.499658742887,183.41666666666669,4209320.729074425,233851.15161524585,7.649833219580962,0.0054520672421626525,0.6821747313773106,20,61,0,0
src/nBodySimulation/slang/cell_lists/Impl_Slang_Cuda.cuh,cuda,102,48,25,29,30,72,177,142,102,319,591.4413179721021,2128.503684088907,29.583333333333336,62968.23398763017,3498.2352215350093,0.7095012280296357,0.03380281690140845,2.432093080807796,2,4,0,0
src/nBodySimulation/slang/cell_lists/Kernel_Structs.cuh,cuda,94,63,14,17,12,50,126,99,62,225,325.2123594973901,1339.694169837047,11.879999999999999,15915.566737664116,884.1981520924509,0.44656472327901564,0.08417508417508418,9.492329083746041,0,0,0,0
src/nBodySimulation/slang/cell_lists/main.cu,cuda,17,15,0,2,13,27,53,43,40,96,176.48767889424784,510.90509710918684,10.351851851851851,5288.813875630286,293.82299309057146,0.1703016990363956,0.0966010733452594,4.767647515114164,0,0,0,0
src/nBodySimulation/slang/cell_lists/shaders/KernelBlellochScan.slang,slang,72,50,13,9,34,26,169,129,60,298,295.18516927417994,1760.2533974913385,84.34615384615385,148470.60387301946,8248.366881834414,0.5867511324971129,0.011855905152758776,0.24742559528611316,9,15,0,0
src/nBodySimulation/slang/cell_lists/shaders/KernelBlockSum.slang,slang,23,18,1,4,22,16,49,32,38,81,162.10749561002052,425.0821285889304,22.0,9351.806828956469,519.544823830915,0.1416940428629768,0.045454545454545456,0.8782688607209306,6,8,0,0
src/nBodySimulation/slang/cell_lists/shaders/KernelForce.slang,slang,71,62,1,8,39,55,259,168,94,427,524.105470779484,2798.8094396663514,59.56363636363636,166707.26771539942,9261.514873077746,0.9329364798887838,0.016788766788766788,0.7888799582666844,9,18,0,0
src/nBodySimulation/slang/cell_lists/shaders/KernelHistogram.slang,slang,44,34,4,6,31,35,154,98,66,252,333.10499121506695,1523.1873180783302,43.4,66106.32960459952,3672.5738669221955,0.5077291060261101,0.02304147465437788,0.8086747000776882,10,12,0,0
src/nBodySimulation/slang/cell_lists/shaders/KernelIdCells.slang,slang,31,25,1,5,25,23,78,49,48,127,220.13832973367943,709.2902375915868,26.6304347826087,18888.707414123783,1049.372634117988,0.2364300791971956,0.03755102040816326,1.0001553637609644,8,13,0,0
src/nBodySimulation/slang/cell_lists/shaders/KernelPosition.slang,slang,40,31,1,8,28,29,110,69,57,179,275.48738667631244,1044.0873125354888,33.310344827586206,34778.9084106649,1932.1615783702723,0.34802910417849625,0.030020703933747412,0.9409760317056806,8,17,0,0
src/nBodySimulation/slang/cell_lists/shaders/KernelResetCells.slang,slang,20,16,1,3,20,14,37,24,34,61,139.7415308065537,310.33523331627066,17.142857142857142,5320.032571136068,295.5573650631149,0.10344507777209022,0.058333333333333334,1.0560018355900878,5,5,0,0
src/nBodySimulation/slang/cell_lists/shaders/KernelVelocity.slang,slang,29,23,1,5,28,23,73,44,51,117,238.6478628069242,663.673765010665,26.782608695652176,17774.914749850854,987.495263880603,0.22122458833688832,0.037337662337662336,0.9252282786163396,8,12,0,0
src/nBodySimulation/slang/naive/Impl_Slang_Cuda.cu,cuda,196,147,11,38,53,133,858,593,186,1451,1241.9323480135076,10939.319434917754,118.15413533834585,1292525.8290226695,71806.99050125941,3.6464398116392513,0.00846352095198702,0.7835964350530652,19,47,0,0
src/nBodySimulation/slang/naive/Impl_Slang_Cuda.cuh,cuda,84,36,25,23,28,55,133,99,83,232,452.58072206146915,1479.0091480724866,25.2,37271.03053142666,2070.612807301481,0.49300304935749556,0.03968253968253968,2.3290015559216526,2,4,0,0
src/nBodySimulation/slang/naive/Kernel_Structs.cuh,cuda,25,14,5,6,11,16,28,19,27,47,102.05374780501026,223.47971260168302,6.53125,1459.6018729297423,81.08899294054123,0.07449323753389434,0.15311004784688995,5.238964897876042,0,0,0,0
src/nBodySimulation/slang/naive/main.cu,cuda,17,15,0,2,13,27,53,43,40,96,176.48767889424784,510.90509710918684,10.351851851851851,5288.813875630286,293.82299309057146,0.1703016990363956,0.0966010733452594,4.767647515114164,0,0,0,0
src/nBodySimulation/slang/naive/shaders/KernelForce.slang,slang,46,36,1,9,34,33,123,80,67,203,339.4387425413405,1231.4161056629277,41.21212121212121,50749.26980913884,2819.403878285491,0.4104720352209759,0.02426470588235294,0.7250281893744206,8,12,0,0
src/nBodySimulation/slang/naive/shaders/KernelPosition.slang,slang,39,31,1,7,28,29,110,69,57,179,275.48738667631244,1044.0873125354888,33.310344827586206,34778.9084106649,1932.1615783702723,0.34802910417849625,0.030020703933747412,0.9409760317056806,8,17,0,0
src/nBodySimulation/slang/naive/shaders/KernelVelocity.slang,slang,30,23,1,6,28,23,73,44,51,117,238.6478628069242,663.673765010665,26.782608695652176,17774.914749850854,987.495263880603,0.22122458833688832,0.037337662337662336,0.9252282786163396,8,12,0,0
src/nBodySimulation/slang/verlet_lists/Impl_Slang_Cuda.cu,cuda,374,284,24,66,63,191,1496,1088,254,2584,1823.8575413353228,20642.761230619275,179.43455497382197,3704024.674847035,205779.14860261307,6.880920410206425,0.005573062558356676,0.6411440635402972,19,57,0,0
src/nBodySimulation/slang/verlet_lists/Impl_Slang_Cuda.cuh,cuda,106,51,25,30,28,75,176,147,103,323,601.767339604804,2159.73967028018,27.439999999999998,59263.25655248813,3292.403141804896,0.7199132234267266,0.03644314868804665,2.868356921701656,2,4,0,0
src/nBodySimulation/slang/verlet_lists/Kernel_Structs.cuh,cuda,62,39,9,14,12,33,83,59,45,142,209.48455594748285,779.8431396788138,10.727272727272727,8365.590043827275,464.7550024348486,0.25994771322627125,0.09322033898305085,6.776861526941718,0,0,0,0
src/nBodySimulation/slang/verlet_lists/main.cu,cuda,17,15,0,2,13,27,53,43,40,96,176.48767889424784,510.90509710918684,10.351851851851851,5288.813875630286,293.82299309057146,0.1703016990363956,0.0966010733452594,4.767647515114164,0,0,0,0
src/nBodySimulation/slang/verlet_lists/shaders/KernelBlellochScan.slang,slang,72,50,13,9,34,26,169,129,60,298,295.18516927417994,1760.2533974913385,84.34615384615385,148470.60387301946,8248.366881834414,0.5867511324971129,0.011855905152758776,0.24742559528611316,9,15,0,0
src/nBodySimulation/slang/verlet_lists/shaders/KernelBlockSum.slang,slang,23,18,1,4,23,16,49,32,39,81,168.0419249893113,428.11757972784216,23.0,9846.70433374037,547.0391296522428,0.14270585990928072,0.043478260869565216,0.8092959919240872,7,8,0,0
src/nBodySimulation/slang/verlet_lists/shaders/KernelCountNeighbors.slang,slang,37,28,3,6,31,23,86,58,54,144,257.6220106113044,828.7038003115395,39.08695652173913,32391.509412177133,1799.5283006765073,0.2762346001038465,0.02558398220244716,0.5424199058956922,8,9,0,0
src/nBodySimulation/slang/verlet_lists/shaders/KernelForce.slang,slang,47,36,1,10,32,37,134,94,69,228,352.74977452827113,1392.7435761454226,40.648648648648646,56613.14428439771,3145.1746824665397,0.46424785871514085,0.024601063829787235,0.8429056009078113,8,14,0,0
src/nBodySimulation/slang/verlet_lists/shaders/KernelPosition.slang,slang,40,31,1,8,28,29,110,69,57,179,275.48738667631244,1044.0873125354888,33.310344827586206,34778.9084106649,1932.1615783702723,0.34802910417849625,0.030020703933747412,0.9409760317056806,8,17,0,0
src/nBodySimulation/slang/verlet_lists/shaders/KernelVelocity.slang,slang,29,23,1,5,28,23,73,44,51,117,238.6478628069242,663.673765010665,26.782608695652176,17774.914749850854,987.495263880603,0.22122458833688832,0.037337662337662336,0.9252282786163396,8,12,0,0
src/nBodySimulation/slang/verlet_lists/shaders/KernelVerlet.slang,slang,37,29,3,5,33,25,101,68,58,169,282.5614106831971,989.9987881765596,44.88,44431.145613364,2468.3969785202225,0.3299995960588532,0.022281639928698752,0.4915061614972863,8,10,0,0
src/nBodySimulation/stdpar/Impl_Stdpar.cpp,stdpar,168,145,0,23,40,97,763,554,137,1317,853.0686694876459,9348.108253259014,114.22680412371135,1067804.5303722667,59322.47390957037,3.116036084419671,0.008754512635379061,0.7164529590744213,1,3,0,0
src/nBodySimulation/stdpar/Impl_Stdpar.h,stdpar,124,33,70,21,24,36,113,79,60,192,296.156400069231,1134.1229943568355,26.333333333333336,29865.238851396673,1659.179936188704,0.3780409981189452,0.03797468354430379,1.6354922206716098,0,0,0,0
src/nBodySimulation/stdpar/main.cpp,cpp,17,15,0,2,13,27,53,43,40,96,176.48767889424784,510.90509710918684,10.351851851851851,5288.813875630286,293.82299309057146,0.1703016990363956,0.0966010733452594,4.767647515114164,0,0,0,0
src/nBodySimulation/vulkan/Common_Push_Constants.h,cpp,37,22,8,7,7,15,31,22,22,53,78.25484338853101,236.34987578777677,5.133333333333333,1213.2626957105872,67.40348309503263,0.07878329192925893,0.19480519480519481,8.969256544484699,0,0,0,0
src/nBodySimulation/vulkan/cell_lists/Impl_Vulkan.cpp,cpp,453,346,9,98,42,179,1937,1423,221,3360,1566.0803558870098,26167.35259955521,166.9441340782123,4368486.020852002,242693.66782511125,8.722450866518404,0.005990027774989124,0.9388959350667355,0,0,0,0
src/nBodySimulation/vulkan/cell_lists/Impl_Vulkan.h,cpp,114,39,52,23,27,63,205,157,90,362,504.9505977389084,2350.0508208713422,33.642857142857146,79062.42404502873,4392.3568913904855,0.7833502736237807,0.029723991507430995,2.076306728200752,0,0,0,0
src/nBodySimulation/vulkan/cell_lists/Push_Constants.h,cpp,39,25,8,6,7,18,34,30,25,64,94.71013448036484,297.20679614558236,5.833333333333334,1733.7063108492307,96.3170172694017,0.09906893204852746,0.1714285714285714,8.73424053978854,0,0,0,0
src/nBodySimulation/vulkan/cell_lists/main.cpp,cpp,21,18,0,3,16,28,56,46,44,102,198.6059378176129,556.8620251010043,13.142857142857142,7318.758044184628,406.5976691213682,0.1856206750336681,0.07608695652173914,3.223799530948631,0,0,0,0
src/nBodySimulation/vulkan/cell_lists/shaders/KernelBlellochScan.comp,glsl,75,51,12,12,39,24,181,125,63,306,316.1697865529354,1829.0476565909746,101.5625,185762.65262252087,10320.147367917825,0.6096825521969915,0.009846153846153846,0.1773202177845357,15,24,0,0
src/nBodySimulation/vulkan/cell_lists/shaders/KernelBlockSum.comp,glsl,25,19,0,6,25,16,64,30,41,94,180.0964047443681,503.6098884340999,23.4375,11803.356760174216,655.7420422319009,0.16786996281136662,0.042666666666666665,0.9167938235671437,12,18,0,0
src/nBodySimulation/vulkan/cell_lists/shaders/KernelForce.comp,glsl,87,71,2,14,43,63,310,176,106,486,609.898019632685,3269.7693409177145,60.06349206349206,196393.76485766083,10910.764714314491,1.0899231136392382,0.016649048625792813,0.9063500452907319,15,46,0,0
src/nBodySimulation/vulkan/cell_lists/shaders/KernelHistogram.comp,glsl,51,36,6,9,34,37,179,98,71,277,365.7235111307827,1703.479952102797,45.027027027027025,76702.63784333134,4261.257657962852,0.5678266507009323,0.02220888355342137,0.8402150972377173,16,27,0,0
src/nBodySimulation/vulkan/cell_lists/shaders/KernelIdCells.comp,glsl,45,32,2,11,28,30,120,55,58,175,281.81265568586844,1025.146674147325,25.666666666666664,26312.097969781338,1461.7832205434077,0.34171555804910836,0.03896103896103897,1.5561342667103943,14,36,0,0
src/nBodySimulation/vulkan/cell_lists/shaders/KernelPosition.comp,glsl,48,36,0,12,31,34,143,73,65,216,326.55382222450464,1300.831447614146,33.279411764705884,43290.9053816296,2405.050298979422,0.4336104825380487,0.030048608042421564,1.174545228592888,14,35,0,0
src/nBodySimulation/vulkan/cell_lists/shaders/KernelResetCells.comp,glsl,19,15,0,4,23,13,48,22,36,70,152.14764132514549,361.89475010096186,19.46153846153846,7043.028598118719,391.27936656215104,0.12063158336698729,0.05138339920948617,0.9554939581474879,11,13,0,0
src/nBodySimulation/vulkan/cell_lists/shaders/KernelVelocity.comp,glsl,35,26,0,9,31,26,100,46,57,146,275.7915182936615,851.6019420680523,27.423076923076923,23353.545565173896,1297.4191980652165,0.2838673140226841,0.0364656381486676,1.1324115216270136,14,28,0,0
src/nBodySimulation/vulkan/naive/Impl_Vulkan.cpp,cpp,214,165,1,48,44,121,934,648,165,1582,1077.397442930267,11653.52174293688,117.81818181818181,1372996.7435314723,76277.59686285957,3.884507247645627,0.008487654320987654,0.8395229212482868,0,0,0,0
src/nBodySimulation/vulkan/naive/Impl_Vulkan.h,cpp,79,30,30,19,25,43,117,87,68,204,349.4257891965583,1241.8424196150693,25.290697674418606,31407.06119375321,1744.8367329862895,0.41394747320502306,0.03954022988505747,1.94153342010264,0,0,0,0
src/nBodySimulation/vulkan/naive/Push_Constants.h,cpp,19,7,8,4,6,6,8,6,12,14,31.019550008653873,50.18947501009619,3.0,150.56842503028855,8.364912501682698,0.016729825003365395,0.3333333333333333,5.576608334455131,0,0,0,0
src/nBodySimulation/vulkan/naive/main.cpp,cpp,22,18,0,4,17,27,55,43,44,98,197.8688308596694,535.0242986264551,13.537037037037036,7242.643746221086,402.36909701228257,0.17834143287548504,0.07387140902872777,2.9196196107027705,0,0,0,0
src/nBodySimulation/vulkan/naive/shaders/KernelForce.comp,glsl,49,38,0,11,38,33,142,80,71,222,365.88625144968523,1365.2438605300395,46.06060606060606,62883.95963653515,3493.553313140842,0.4550812868433465,0.021710526315789472,0.6435035336379903,14,24,0,0
src/nBodySimulation/vulkan/naive/shaders/KernelPosition.comp,glsl,46,36,0,10,31,34,143,73,65,216,326.55382222450464,1300.831447614146,33.279411764705884,43290.9053816296,2405.050298979422,0.4336104825380487,0.030048608042421564,1.174545228592888,14,35,0,0
src/nBodySimulation/vulkan/naive/shaders/KernelVelocity.comp,glsl,36,27,0,9,31,26,100,46,57,146,275.7915182936615,851.6019420680523,27.423076923076923,23353.545565173896,1297.4191980652165,0.2838673140226841,0.0364656381486676,1.1324115216270136,14,28,0,0
src/nBodySimulation/vulkan/verlet_lists/Impl_Vulkan.cpp,cpp,389,300,8,81,45,171,1654,1191,216,2845,1515.586169380324,22062.654943655067,156.71052631578948,3457450.26814384,192080.57045243555,7.354218314551689,0.006381192275398824,0.898382811997846,0,0,0,0
src/nBodySimulation/vulkan/verlet_lists/Impl_Vulkan.h,cpp,111,37,51,23,25,55,174,134,80,308,434.0711889882244,1947.1538532253078,30.454545454545457,59299.68553004347,3294.426973891304,0.649051284408436,0.03283582089552239,2.0994040208533056,0,0,0,0
src/nBodySimulation/vulkan/verlet_lists/Push_Constants.h,cpp,29,15,8,6,7,9,20,14,16,34,48.18080946738404,136.0,5.444444444444445,740.4444444444445,41.135802469135804,0.04533333333333334,0.18367346938775508,4.5880882965431065,0,0,0,0
src/nBodySimulation/vulkan/verlet_lists/main.cpp,cpp,21,18,0,3,16,28,56,46,44,102,198.6059378176129,556.8620251010043,13.142857142857142,7318.758044184628,406.5976691213682,0.1856206750336681,0.07608695652173914,3.223799530948631,0,0,0,0
src/nBodySimulation/vulkan/verlet_lists/shaders/KernelBlellochScan.comp,glsl,75,51,12,12,39,24,181,125,63,306,316.1697865529354,1829.0476565909746,101.5625,185762.65262252087,10320.147367917825,0.6096825521969915,0.009846153846153846,0.1773202177845357,15,24,0,0
src/nBodySimulation/vulkan/verlet_lists/shaders/KernelBlockSum.comp,glsl,25,19,0,6,26,16,65,30,42,95,186.21143267166838,512.2701551639823,24.375,12486.585032122068,693.699168451226,0.17075671838799408,0.041025641025641026,0.8622035484679781,13,19,0,0
src/nBodySimulation/vulkan/verlet_lists/shaders/KernelCountNeighbors.comp,glsl,39,29,2,8,35,23,105,58,58,163,283.56683058238514,954.8509022057942,44.130434782608695,42137.98546690788,2340.9991926059934,0.31828363406859805,0.022660098522167486,0.49029690336272674,14,21,0,0
src/nBodySimulation/vulkan/verlet_lists/shaders/KernelForce.comp,glsl,55,41,0,14,36,42,169,98,78,267,412.59463180863116,1678.2023924362204,42.0,70484.50048232125,3915.8055823511804,0.5594007974787402,0.023809523809523808,0.9513619004740477,14,34,0,0
src/nBodySimulation/vulkan/verlet_lists/shaders/KernelPosition.comp,glsl,48,36,0,12,31,34,143,73,65,216,326.55382222450464,1300.831447614146,33.279411764705884,43290.9053816296,2405.050298979422,0.4336104825380487,0.030048608042421564,1.174545228592888,14,35,0,0
src/nBodySimulation/vulkan/verlet_lists/shaders/KernelVelocity.comp,glsl,35,26,0,9,31,26,100,46,57,146,275.7915182936615,851.6019420680523,27.423076923076923,23353.545565173896,1297.4191980652165,0.2838673140226841,0.0364656381486676,1.1324115216270136,14,28,0,0
src/nBodySimulation/vulkan/verlet_lists/shaders/KernelVerlet.comp,glsl,42,32,2,8,37,27,128,70,64,198,321.1317370866848,1188.0,47.96296296296296,56980.0,3165.5555555555557,0.396,0.02084942084942085,0.5164216395104426,14,26,0,0
src/polyhedralGravity/PolyhedralGravityDefinitions.h,cuda,400,319,20,61,70,201,1247,949,271,2196,1966.9112011131124,17748.3992948131,165.2487562189055,2932900.9083443647,162938.93935246472,5.916133098271034,0.00605148276381153,0.6499542560884854,7,17,0,0
src/polyhedralGravity/acpp/Impl_AdaptiveCpp.cpp,sycl,405,324,9,72,67,171,1577,1193,238,2770,1674.8807558061594,21868.645204363005,233.71637426900585,5111060.467339004,283947.8037410558,7.2895484014543355,0.004278690370444508,0.4003534709248829,10,23,0,0
src/polyhedralGravity/alpaka/Impl_Alpaka.cpp,alpaka,489,367,53,69,87,177,1703,1196,264,2899,1882.30226650353,23320.69855202016,293.93220338983053,6854704.309985316,380816.9061102953,7.77356618400672,0.0034021450813055006,0.26992755117117156,24,67,0,0
src/polyhedralGravity/boost/Impl_Boost.cpp,opencl+boost_compute,231,168,20,43,70,115,824,527,185,1351,1216.2811670447509,10174.896353157537,160.39130434782606,1631964.8976868761,90664.71653815979,3.3916321177191793,0.006234751965302251,0.39551991482670107,22,55,0,0
src/polyhedralGravity/cpp/Impl_Cpp.cpp,cpp,405,243,97,65,54,136,1236,959,190,2195,1274.6588715268736,16615.83306028643,190.38970588235296,3163483.56933821,175749.0871854561,5.538611020095477,0.005252384814428609,0.4583900628475025,0,0,0,0
src/polyhedralGravity/cuda/Impl_Cuda.cu,cuda+thrust,517,424,1,92,88,208,1985,1624,296,3609,2170.1214438134293,29627.917196554878,343.53846153846155,10178329.092293391,565462.7273496329,9.875972398851626,0.002910882221227049,0.25104431402881855,23,47,0,0
src/polyhedralGravity/hip/Impl_Hip.hip,thrust+hip,564,457,10,97,92,210,2269,1812,302,4081,2220.159258667131,33620.929741185646,396.9142857142857,13344627.313272886,741368.1840707159,11.206976580395215,0.002519435646415203,0.2134107335117151,26,76,0,0
src/polyhedralGravity/kokkos/Impl_Kokkos.cpp,kokkos,438,254,120,64,65,143,1302,963,208,2265,1415.3155090061591,17441.49596158957,218.86363636363637,3817309.229775172,212072.73498750955,5.813831987196524,0.004569055036344756,0.36411327294353607,12,25,0,0
src/polyhedralGravity/main.cpp,cpp,145,116,1,28,41,121,558,430,162,988,1056.8420838995673,7251.7718028500085,72.85123966942149,528300.5656373787,29350.031424298817,2.4172572676166695,0.013726602382302893,1.3663760363806086,0,0,0,0
src/polyhedralGravity/openacc/Impl_OpenACC.cpp,openmp+openacc,331,274,0,57,71,142,1363,1015,213,2378,1451.8961364544973,18393.139476897042,253.75,4667259.142262625,259292.1745701458,6.131046492299014,0.003940886699507389,0.28565627084409,19,31,1,2
src/polyhedralGravity/opencl/Impl_OpenCL.cpp,opencl,259,186,19,54,83,132,833,533,215,1366,1458.9882965571105,10584.031432539203,167.57196969696972,1773586.9944852344,98532.61080473525,3.5280104775130674,0.005967585162413255,0.376919296524081,31,82,0,0
src/polyhedralGravity/opencl/kernel/opencl_eval.cl,opencl,313,256,6,51,45,127,1110,952,172,2062,1134.6963445549004,15312.957924195725,168.66141732283464,2582705.1868997826,143483.62149443236,5.104319308065242,0.005929038281979459,0.5383039890451887,6,14,0,0
src/polyhedralGravity/opencl/kernel/opencl_init.cl,opencl,35,28,0,7,20,21,121,101,41,222,178.67722777610123,1189.3765450252147,48.095238095238095,57203.34811787937,3177.963784326632,0.3964588483417382,0.020792079207920793,0.5141800376003527,4,8,0,0
src/polyhedralGravity/opencl/kernel/opencl_sum.cl,opencl,8,7,0,1,22,13,48,33,35,81,146.21321194585474,415.4719243725423,27.92307692307692,11601.254503633294,644.5141390907386,0.13849064145751408,0.03581267217630854,0.5328624731079362,5,6,0,0
src/polyhedralGravity/openmp/Impl_OpenMP.cpp,openmp,469,278,123,68,76,146,1400,1037,222,2437,1524.556876618195,18994.99146629521,269.90410958904107,5126826.2583618425,284823.68102010235,6.331663822098403,0.0037050195401715476,0.26074747307542684,24,52,2,3
src/polyhedralGravity/raja/Impl_Raja.cpp,raja,497,316,115,66,83,164,1585,1166,247,2751,1735.7668015591605,21865.958254089448,295.0548780487805,6451657.646080087,358425.424782227,7.288652751363149,0.0033892000247990246,0.2511671955640819,22,35,0,0
src/polyhedralGravity/slang/Impl_Slang_Cuda.cu,cuda+thrust,175,140,4,31,63,99,523,384,162,907,1032.8749405683761,6657.243952616354,122.18181818181819,813394.1702105801,45188.5650116989,2.2190813175387847,0.00818452380952381,0.4459450059493798,14,16,0,0
src/polyhedralGravity/slang/Impl_Slang_Vulkan.cpp,vulkan,455,339,26,90,130,250,1331,883,380,2214,2904.353886859221,18973.660316844722,229.58,4355972.935541212,241998.4964189562,6.32455343894824,0.0043557801202195314,0.35998385057892873,72,88,0,0
src/polyhedralGravity/slang/shader/eval.slang,vulkan+slang,396,322,2,72,61,146,1306,1170,207,2476,1411.4893631878185,19049.07370676833,244.41780821917808,4655932.844013889,258662.9357785494,6.349691235589443,0.004091354911027042,0.3188659690083395,14,22,0,0
src/polyhedralGravity/slang/wrapper_eval.cu,cuda,68,55,2,11,48,59,227,146,107,373,615.1541399469642,2514.567185927628,59.389830508474574,149339.7189744137,8296.651054134094,0.8381890619758761,0.016837899543378994,0.7129171662762186,12,13,0,0
src/polyhedralGravity/stdpar/Impl_Stdpar.cpp,stdpar,455,263,131,61,55,154,1330,1019,209,2349,1437.059911510871,18104.586601257994,181.96428571428572,3294388.1690503387,183021.56494724104,6.034862200419331,0.00549558390578999,0.5467846306009669,1,3,0,0
src/polyhedralGravity/vulkan/Impl_Vulkan.cpp,vulkan,570,458,23,89,124,252,1748,1088,376,2836,2872.5948832099516,24260.81398335778,267.68253968253964,6494196.301830882,360788.683435049,8.086937994452594,0.0037357685009487673,0.3385831021847451,71,188,0,0
src/polyhedralGravity/vulkan/shader/eval.comp,glsl,469,292,100,77,64,140,1283,1064,204,2347,1382.0996223722952,18007.1822776071,243.2,4379346.729914046,243297.04055078034,6.0023940925357,0.004111842105263158,0.3044518515058116,21,58,0,0
src/polyhedralGravity/vulkan/shader/init.comp,glsl,54,41,0,13,30,44,195,133,74,328,387.42170908829667,2036.7007039262955,45.34090909090909,92345.86146211272,5130.32563678404,0.6789002346420985,0.02205513784461153,0.9907105012660243,13,40,0,0
src/polyhedralGravity/webgpu/impl_webgpu.cpp,webgpu,373,274,7,92,114,168,1140,765,282,1905,2020.8587886416121,15505.845326319703,259.55357142857144,4024597.5324653015,223588.75180362785,5.168615108773234,0.003852769177846577,0.23016613726750967,67,84,0,0
src/polyhedralGravity/webgpu/shader/shader_eval.wgsl,wgsl,295,238,1,56,56,112,1316,893,168,2209,1087.6356269056773,16329.629186918282,223.25,3645589.7159795067,202532.76199886148,5.443209728972761,0.004479283314669653,0.32763733729767364,24,180,0,0
src/polyhedralGravity/webgpu/shader/shader_init.wgsl,wgsl,51,38,1,12,37,33,310,163,70,473,359.2147804671001,2899.150867014969,91.37878787878788,264920.8921055648,14717.827339198046,0.9663836223383231,0.010943458796219533,0.34720025066744514,20,85,0,0
src/vectorAdditon/VectorAddition.h,cpp,115,71,26,18,51,72,223,156,123,379,733.5282925443927,2631.212997523572,55.24999999999999,145374.51811317733,8076.36211739874,0.877070999174524,0.01809954751131222,0.8619685911504098,0,0,0,0
src/vectorAdditon/acpp/Impl_AdaptiveCpp.cpp,sycl,67,53,2,12,47,62,260,152,109,412,630.2258472728352,2788.4919418080935,57.612903225806456,160653.11638933083,8925.173132740601,0.9294973139360312,0.017357222844344905,0.8400978482879714,12,15,0,0
src/vectorAdditon/alpaka/Impl_Alpaka.cpp,alpaka,140,93,21,26,66,88,442,240,154,682,967.3599943177401,4955.948420753923,90.0,446035.357867853,24779.74210376961,1.6519828069179743,0.011111111111111112,0.6118454840436942,26,41,0,0
src/vectorAdditon/boost/Impl_Boost.cpp,boost_compute,67,55,0,12,43,63,270,166,106,436,609.898019632685,2933.3733181895545,56.65079365079365,166177.92654950032,9232.107030527795,0.9777911060631849,0.017652003362286353,0.9140192456032374,9,16,0,0
src/vectorAdditon/cpp/Impl_Cpp.cpp,stdpar,43,37,0,6,32,52,170,107,84,277,456.42286534333675,1770.6719261097167,32.92307692307692,58295.96802884297,3238.6648904912763,0.5902239753699056,0.030373831775700938,1.6335681910676816,0,0,0,0
src/vectorAdditon/cuda/Impl_ChunkedCuda.cu,cuda,170,94,61,15,58,48,433,258,106,691,607.8410977520147,4648.99303410317,155.875,724661.7891908317,40258.988288379536,1.5496643447010567,0.006415396952686447,0.19134008496581237,22,36,0,0
src/vectorAdditon/cuda/Impl_Cublas.cu,cuda,56,47,0,9,42,30,228,114,72,342,373.6840496249635,2110.1143504932706,79.8,168387.125169363,9354.840287186833,0.7033714501644236,0.012531328320802006,0.3313600967477075,14,23,0,0
src/vectorAdditon/cuda/Impl_Cuda.cu,cuda,73,58,4,11,51,34,252,132,85,384,462.26742904305775,2461.2061194768776,99.0,243659.40582821087,13536.633657122826,0.8204020398256259,0.010101010101010102,0.25111785730811936,20,28,0,0
src/vectorAdditon/cuda/Impl_NvhpcStd.cpp,stdpar,40,35,0,5,33,50,159,98,83,257,448.6578154275652,1638.3851338561597,32.339999999999996,52985.3752289082,2943.6319571615663,0.5461283779520533,0.03092145949288807,1.5665200850427718,1,1,0,0
src/vectorAdditon/cuda/Impl_Thrust.cu,cuda+thrust,32,28,0,4,28,35,162,92,63,254,314.1308434106867,1518.2291005689788,36.8,55870.83090093842,3103.935050052134,0.5060763668563263,0.027173913043478264,1.1210930858407513,5,7,0,0
src/vectorAdditon/cuda/Implementations.cuh,cuda,50,44,0,6,25,24,173,91,49,264,226.13550476167586,1482.283398846415,47.39583333333333,70254.05692449154,3903.003162471752,0.4940944662821383,0.021098901098901102,0.6598586549338759,2,3,0,0
src/vectorAdditon/cuda/main.cpp,cpp,56,28,21,7,15,31,86,70,46,156,212.18344455612092,861.6756651448941,16.935483870967744,14592.894329066756,810.7163516148198,0.2872252217149647,0.05904761904761904,3.0043367408770725,0,0,0,0
src/vectorAdditon/hip/Impl_Hip.hip,hip,95,81,1,13,60,57,366,193,117,559,686.8881665439014,3840.533878247123,101.57894736842105,390117.3886851025,21673.188260283474,1.2801779594157077,0.009844559585492229,0.3722066981790683,21,29,0,0
src/vectorAdditon/kokkos/Impl_Kokkos.cpp,kokkos,61,51,1,9,39,58,235,140,97,375,545.8935842530268,2474.967315820173,47.06896551724138,116494.15124463919,6471.897291368844,0.8249891052733911,0.021245421245421246,1.1171208590507136,8,15,0,0
src/vectorAdditon/metal/Impl_Metal.cpp,metal,168,102,44,22,46,99,395,244,145,639,910.3901553665039,4587.961908519543,56.686868686868685,260077.19424860275,14448.733013811265,1.5293206361731808,0.017640769779044906,1.4277588735814066,9,21,0,0
src/vectorAdditon/openacc/Impl_OpenACC.cpp,openacc,58,48,2,8,45,62,214,141,107,355,616.2935605788216,2393.220780172407,51.16935483870968,122459.56330801551,6803.309072667528,0.797740260057469,0.01954294720252167,0.9140351192293139,12,18,5,9
src/vectorAdditon/opencl/Impl_OpenCL.cpp,opencl,111,89,5,17,75,82,466,240,157,706,988.4806661658739,5150.002248717488,109.7560975609756,565244.1492494805,31402.452736082247,1.7166674162391629,0.009111111111111111,0.42751376691822707,35,60,0,0
src/vectorAdditon/opencl/VectorAddition.cl,opencl,4,4,0,0,14,7,25,15,21,40,72.95445336320968,175.69269691115042,15.0,2635.390453667256,146.410580759292,0.05856423230371681,0.06666666666666667,0.7808564307162241,3,5,0,0
src/vectorAdditon/openmp/Impl_OpenMP.cpp,openmp,50,45,0,5,43,57,207,134,100,341,565.8041152595804,2265.554960713181,50.54385964912281,114509.89196166096,6361.66066453672,0.7551849869043937,0.019784796945505032,0.8868247335632555,11,19,5,9
src/vectorAdditon/raja/Impl_Raja.cpp,raja,80,68,0,12,54,66,319,185,120,504,709.6939369944853,3481.0728601866936,75.68181818181819,263453.9232823111,14636.329071239506,1.1603576200622312,0.013213213213213212,0.6077570414848577,16,17,0,0
src/vectorAdditon/slang/Impl_SlangCuda.cu,cuda,100,81,0,19,50,86,353,233,136,586,834.8515783931166,4153.253224972698,67.73255813953489,281310.4655286741,15628.359196037449,1.384417741657566,0.014763948497854076,0.9053019463065615,15,21,0,0
src/vectorAdditon/slang/Impl_SlangVulkan.cpp,cpp,76,61,0,15,40,89,296,212,129,508,789.217399151504,3561.703445755013,47.640449438202246,169681.1529213624,9426.730717853467,1.1872344819183376,0.020990566037735848,1.5693002955803586,0,0,0,0
src/vectorAdditon/slang/VectorAdditionShader.slang,vulkan+slang,25,21,0,4,26,21,69,43,47,112,214.45009855002235,622.1139513878954,26.619047619047617,16560.080896468262,920.0044942482368,0.2073713171292985,0.03756708407871199,0.8779805894184348,9,12,0,0
src/vectorAdditon/stdpar/Impl_Stdpar.cpp,sycl+stdpar,55,41,6,8,34,56,188,121,90,309,498.18561223773736,2005.9826067658696,36.732142857142854,73684.03968066775,4093.557760037097,0.6686608689219565,0.027224112785610113,1.4867386567932466,1,1,0,0
src/vectorAdditon/vulkan/Impl_Vulkan.cpp,vulkan,82,68,0,14,40,96,303,219,136,522,845.0335238647256,3699.655603132677,45.625,168796.7868929284,9377.599271829355,1.233218534377559,0.021917808219178082,1.7772787284705673,0,0,0,0
src/vectorAdditon/vulkan/VectorAdditionShader.comp,glsl,22,17,0,5,32,20,90,34,52,124,246.43856189774726,706.8545250494954,27.2,19226.44308134627,1068.1357267414596,0.23561817501649845,0.03676470588235294,0.9554153939358447,16,30,0,0
