Benchmark Problem,Paradigm,Precision,Hardware,Executable,Kernel ID,Kernel,Kernel Signature,Grid Size,Block Size,Duration,Memory Level,FLOP,Memory Traffic,Arithmetic Intensity,Performance,Peak Performance,Peak Bandwidth,dram__bytes.sum,dram__bytes.sum.peak_sustained,dram__cycles_elapsed.avg.per_second,gpu__dram_throughput.avg.pct_of_peak_sustained_elapsed,gpu__time_duration.sum,l1tex__cycles_elapsed.avg.per_second,l1tex__t_bytes.sum,l1tex__t_bytes.sum.peak_sustained,launch__block_size,launch__grid_size,launch__waves_per_multiprocessor,lts__cycles_elapsed.avg.per_second,lts__t_bytes.sum,lts__t_bytes.sum.peak_sustained,sm__cycles_elapsed.avg,sm__cycles_elapsed.avg.per_second,sm__inst_executed_pipe_tensor.sum,sm__sass_thread_inst_executed_op_dadd_pred_on.sum,sm__sass_thread_inst_executed_op_dfma_pred_on.sum,sm__sass_thread_inst_executed_op_dfma_pred_on.sum.peak_sustained,sm__sass_thread_inst_executed_op_dmul_pred_on.sum,sm__sass_thread_inst_executed_op_fadd_pred_on.sum,sm__sass_thread_inst_executed_op_ffma_pred_on.sum,sm__sass_thread_inst_executed_op_ffma_pred_on.sum.peak_sustained,sm__sass_thread_inst_executed_op_fmul_pred_on.sum,sm__sass_thread_inst_executed_op_hadd_pred_on.sum,sm__sass_thread_inst_executed_op_hfma_pred_on.sum,sm__sass_thread_inst_executed_op_hfma_pred_on.sum.peak_sustained,sm__sass_thread_inst_executed_op_hmul_pred_on.sum,sm__throughput.avg.pct_of_peak_sustained_elapsed,FLOP FP32,FLOP FP64,FLOP FP16
Polyhedral,OpenACC,FP32,NVIDIA RTX5080,polyhedral_acc,0,init_296,init_296(),"(116, 1, 1)","(128, 1, 1)",4.896e-06,DRAM,3081496.0,506880.0,6.079340277777778,629390522875.817,57212235294197.76,952052287581.44,506880.0,64.0,14875816993.46,10.87,4896.0,2660539215.69,12127744.0,43008.0,128.0,116.0,0.12,2377859477.12,3487424.0,2048.0,13026.0,2660539215.69,0.0,0.0,0.0,168.0,0.0,132696.0,1297472.0,10752.0,353856.0,0.0,0.0,5376.0,0.0,3.29,3081496.0,0.0,0.0
Polyhedral,OpenACC,FP32,NVIDIA RTX5080,polyhedral_acc,1,evaluate_48,evaluate_48(const Array3Base<float> &),"(116, 1, 1)","(128, 1, 1)",8.672000000000001e-06,DRAM,16642678.0,1737216.0,9.580085608237548,1919127998154.9814,57044546125486.08,955040590405.76,1737216.0,64.0,14922509225.09,20.98,8672.0,2652741170.27,16978592.0,43008.0,128.0,116.0,0.28,2374769372.69,4872416.0,2048.0,23004.57,2652741170.27,0.0,0.0,0.0,168.0,0.0,1589054.0,5912344.0,10752.0,3228936.0,0.0,221160.0,5376.0,0.0,12.98,16642678.0,0.0,442320.0
Polyhedral,AdaptiveCpp,FP32,NVIDIA RTX5080,polyhedral_acpp,0,__acpp_sscp_kernel,"void __acpp_sscp_kernel<basic_parallel_for<init()::[lambda(handler &) (instance 1)]::operator ()(handler &) lambda(const id<1> &) (instance 1)], 1>>(const T1 &)","(116, 1, 1)","(128, 1, 1)",4.896e-06,DRAM,2727640.0,451328.0,6.0435869256948385,557116013071.8954,57441254902026.24,953725490195.84,451328.0,64.0,14901960784.31,9.67,4896.0,2671189309.06,12053984.0,43008.0,128.0,116.0,0.12,2389501633.99,3680352.0,2048.0,13078.14,2671189309.06,0.0,0.0,0.0,168.0,0.0,132696.0,1179520.0,10752.0,235904.0,0.0,14848.0,5376.0,0.0,2.85,2727640.0,0.0,29696.0
Polyhedral,AdaptiveCpp,FP32,NVIDIA RTX5080,polyhedral_acpp,1,__acpp_sscp_kernel,"void __acpp_sscp_kernel<ndrange_parallel_for<auto algorithms::wg_hierarchical_reduction_engine<algorithms::group_horizontal_reducer<algorithms::generic_local_memory<algorithms::reduction_descriptor<algorithms::reduction_binary_operator<GravityModelResultAcpp, evaluate(const Array3Base<float> &)::[lambda(handler &) (instance 1)]::operator ()(handler &) lambda(const GravityModelResultAcpp &, const GravityModelResultAcpp &) (instance 1)], 1>, GravityModelResultAcpp *>>>>::wrap_main_kernel<std::shared_ptr<rt::dag_node> submit_ndrange_reduction_kernel<__acpp_unnamed_kernel, void submit_kernel<__acpp_unnamed_kernel, 1, evaluate(const Array3Base<float> &)::[lambda(handler &) (instance 1)]::operator ()(handler &) lambda(const id<1> &, T1 &) (instance 1)], 1, algorithms::reduction_descriptor<algorithms::reduction_binary_operator<GravityModelResultAcpp, evaluate(const Array3Base<float> &)::[lambda(handler &) (instance 1)]::operator ()(handler &) lambda(const GravityModelResultAcpp &, const GravityModelResultAcpp &) (instance 1)], 1>, GravityModelResultAcpp *>>(id<T4>, range<T4>, range<T4>, T3, T5...)::[lambda(nd_item<1>, T1 &...) (instance 1)], 1, algorithms::reduction_descriptor<algorithms::reduction_binary_operator<GravityModelResultAcpp, evaluate(const Array3Base<float> &)::[lambda(handler &) (instance 1)]::operator ()(handler &) lambda(const GravityModelResultAcpp &, const GravityModelResultAcpp &) (instance 1)], 1>, GravityModelResultAcpp *>>(range<T3>, range<T3>, T2, T4...)::[lambda(nd_item<1>, T1 &...) (instance 1)], algorithms::configured_reduction_descriptor<algorithms::reduction_descriptor<algorithms::reduction_binary_operator<GravityModelResultAcpp, evaluate(const Array3Base<float> &)::[lambda(handler &) (instance 1)]::operator ()(handler &) lambda(const GravityModelResultAcpp &, const GravityModelResultAcpp &) (instance 1)], 1>, GravityModelResultAcpp *>>>(const T1 &, const algorithms::group_horizontal_reducer<algorithms::generic_local_memory<algorithms::reduction_descriptor<algorithms::reduction_binary_operator<GravityModelResultAcpp, evaluate(const Array3Base<float> &)::[lambda(handler &) (instance 1)]::operator ()(handler &) lambda(const GravityModelResultAcpp &, const GravityModelResultAcpp &) (instance 1)], 1>, GravityModelResultAcpp *>>> &, const T2 &...)::[lambda(T1...) (instance 1)], 1>>(const T1 &)","(116, 1, 1)","(128, 1, 1)",8.384e-06,DRAM,14879464.0,1751808.0,8.493775573578839,1774745229007.6335,57284152671836.16,957557251908.48,1751808.0,64.0,14961832061.07,21.82,8384.0,2663883587.79,20047040.0,43008.0,128.0,116.0,0.28,2393368320.61,6333344.0,2048.0,22334.0,2663883587.79,0.0,0.0,0.0,168.0,0.0,1751118.0,5436257.0,10752.0,2255832.0,0.0,191672.0,5376.0,0.0,10.84,14879464.0,0.0,383344.0
Polyhedral,AdaptiveCpp,FP32,NVIDIA RTX5080,polyhedral_acpp,2,__acpp_sscp_kernel,"void __acpp_sscp_kernel<ndrange_parallel_for<auto algorithms::wg_hierarchical_reduction_engine<algorithms::group_horizontal_reducer<algorithms::generic_local_memory<algorithms::reduction_descriptor<algorithms::reduction_binary_operator<GravityModelResultAcpp, evaluate(const Array3Base<float> &)::[lambda(handler &) (instance 1)]::operator ()(handler &) lambda(const GravityModelResultAcpp &, const GravityModelResultAcpp &) (instance 1)], 1>, GravityModelResultAcpp *>>>>::create_dedicated_reduction_kernel<algorithms::configured_reduction_descriptor<algorithms::reduction_descriptor<algorithms::reduction_binary_operator<GravityModelResultAcpp, evaluate(const Array3Base<float> &)::[lambda(handler &) (instance 1)]::operator ()(handler &) lambda(const GravityModelResultAcpp &, const GravityModelResultAcpp &) (instance 1)], 1>, GravityModelResultAcpp *>>>(const algorithms::group_horizontal_reducer<algorithms::generic_local_memory<algorithms::reduction_descriptor<algorithms::reduction_binary_operator<GravityModelResultAcpp, evaluate(const Array3Base<float> &)::[lambda(handler &) (instance 1)]::operator ()(handler &) lambda(const GravityModelResultAcpp &, const GravityModelResultAcpp &) (instance 1)], 1>, GravityModelResultAcpp *>>> &, const T1 &...)::[lambda(T1, T2 &&...) (instance 1)], 1>>(const T1 &)","(1, 1, 1)","(128, 1, 1)",2.944e-06,DRAM,2440.0,15104.0,0.16154661016949154,828804347.8260869,56860173912944.64,954434782608.64,15104.0,64.0,14913043478.26,0.54,2944.0,2644167313.66,37312.0,43008.0,128.0,1.0,0.0,2365489130.43,86464.0,2048.0,7784.43,2644167313.66,0.0,0.0,0.0,168.0,0.0,2440.0,0.0,10752.0,0.0,0.0,0.0,5376.0,0.0,0.1,2440.0,0.0,0.0
Polyhedral,Alpaka,FP32,NVIDIA RTX5080,polyhedral_alpaka,0,gpuKernel,"void gpuKernel<<unnamed>::InitKernel, AccGpuUniformCudaHipRt<ApiCudaRt, integral_constant<unsigned long, 1>, unsigned long>, Array3Base<float> *, Array3Base<unsigned long>*, Array3Base<float> *, Array3Base<Array3Base<float>>*, Array3Base<Array3Base<float>>*, unsigned long>(Vec<DimType<T2, void>::type, IdxType<T2, void>::type>, T1, T3...)","(19, 1, 1)","(776, 1, 1)",1.2672e-05,DRAM,3081496.0,591360.0,5.210863095238095,243173611111.1111,57245818181744.64,954828282828.16,591360.0,64.0,14919191919.19,4.89,12672.0,2662100919.91,12057696.0,43008.0,776.0,19.0,0.23,2383128156.57,8646336.0,2048.0,33734.14,2662100919.91,0.0,0.0,0.0,168.0,0.0,132696.0,1297472.0,10752.0,353856.0,0.0,14744.0,5376.0,0.0,1.22,3081496.0,0.0,29488.0
Polyhedral,Alpaka,FP32,NVIDIA RTX5080,polyhedral_alpaka,1,gpuKernel,"void gpuKernel<<unnamed>::EvalKernel, AccGpuUniformCudaHipRt<ApiCudaRt, integral_constant<unsigned long, 1>, unsigned long>, Array3Base<float> *, Array3Base<unsigned long>*, Array3Base<float> *, Array3Base<Array3Base<float>>*, Array3Base<Array3Base<float>>*, GravityModelResult *, unsigned long, float, float, float>(Vec<DimType<T2, void>::type, IdxType<T2, void>::type>, T1, T3...)","(19, 1, 1)","(776, 1, 1)",1.5680000000000002e-05,DRAM,16274078.0,1741312.0,9.345871388929726,1037887627551.0203,57220114285608.95,956081632652.8,1741312.0,64.0,14938775510.2,11.62,15680.0,2660905612.24,16775776.0,43008.0,776.0,19.0,0.23,2376466836.73,4373952.0,2048.0,41723.0,2660905612.24,0.0,0.0,0.0,168.0,0.0,1589054.0,5868112.0,10752.0,2948800.0,0.0,206416.0,5376.0,0.0,9.98,16274078.0,0.0,412832.0
Polyhedral,Cuda,FP32,NVIDIA RTX5080,polyhedral_cuda,0,run_init,"run_init(const float3 *, const int3 *, float3 *, float3 *, float3 *, int)","(58, 1, 1)","(256, 1, 1)",5.760000000000001e-06,DRAM,1135288.0,280832.0,4.04258773928897,197098611111.11108,57390933333350.4,958577777777.92,280832.0,64.0,14977777777.78,5.09,5760.0,2668849206.35,11523200.0,43008.0,256.0,58.0,0.12,2389756944.44,7114304.0,2048.0,15372.57,2668849206.35,0.0,0.0,0.0,168.0,0.0,132696.0,294880.0,10752.0,412832.0,0.0,0.0,5376.0,0.0,2.43,1135288.0,0.0,0.0
Polyhedral,Cuda,FP32,NVIDIA RTX5080,polyhedral_cuda,1,run_eval,"run_eval(const float3 *, const int3 *, float3 *, float3 *, float3 *, GravityModelResultCuda *, int, float, float, float)","(58, 1, 1)","(256, 1, 1)",8.288000000000001e-06,DRAM,16347798.0,1568000.0,10.425891581632653,1972465974903.4746,57295320463288.32,956787644787.84,1568000.0,64.0,14949806949.81,19.77,8288.0,2664402923.33,12938624.0,43008.0,256.0,58.0,0.23,2388272200.77,2685248.0,2048.0,22082.57,2664402923.33,0.0,0.0,0.0,168.0,0.0,1530078.0,5927088.0,10752.0,2963544.0,0.0,176928.0,5376.0,0.0,25.85,16347798.0,0.0,353856.0
Polyhedral,Cuda,FP32,NVIDIA RTX5080,polyhedral_cuda,2,cub::DeviceReduceKernel,"void cub::DeviceReduceKernel<cub::policy_selector_from_types<GravityModelResultCuda, unsigned int, cuda::plus<GravityModelResultCuda>>, thrust::device_ptr<GravityModelResultCuda>, unsigned int, cuda::plus<GravityModelResultCuda>, GravityModelResultCuda, cuda::identity>(T2, T5 *, T3, cub::GridEvenShare<T3>, T4, T6)","(58, 1, 1)","(256, 1, 1)",3.168e-06,DRAM,598320.0,739072.0,0.8095557672324212,188863636363.63635,56951272727193.6,951595959596.16,739072.0,64.0,14868686868.69,24.52,3168.0,2648403679.65,1420992.0,43008.0,256.0,58.0,0.35,2387941919.19,920576.0,2048.0,8390.14,2648403679.65,0.0,0.0,0.0,168.0,0.0,598320.0,0.0,10752.0,0.0,0.0,0.0,5376.0,0.0,8.03,598320.0,0.0,0.0
Polyhedral,Cuda,FP32,NVIDIA RTX5080,polyhedral_cuda,3,cub::DeviceReduceSingleTileKernel,"void cub::DeviceReduceSingleTileKernel<cub::policy_selector_from_types<GravityModelResultCuda, unsigned int, cuda::plus<GravityModelResultCuda>>, GravityModelResultCuda *, GravityModelResultCuda *, int, cuda::plus<GravityModelResultCuda>, GravityModelResultCuda, GravityModelResultCuda, cuda::identity>(T2, T3, T4, T5, T6, T8)","(1, 1, 1)","(256, 1, 1)",2.5920000000000003e-06,DRAM,2300.0,21248.0,0.10824548192771084,887345679.0123456,56445629629562.875,951308641975.04,21248.0,64.0,14864197530.86,0.86,2592.0,2624889770.72,5664.0,43008.0,256.0,1.0,0.0,2348379629.63,158496.0,2048.0,6803.71,2624889770.72,0.0,0.0,0.0,168.0,0.0,2300.0,0.0,10752.0,0.0,0.0,0.0,5376.0,0.0,0.16,2300.0,0.0,0.0
Polyhedral,Hip,FP32,NVIDIA RTX5080,polyhedral_hip,0,run_init,"run_init(const float3 *, const int3 *, float3 *, float3 *, float3 *, int)","(58, 1, 1)","(256, 1, 1)",5.792000000000001e-06,DRAM,1784024.0,300288.0,5.94104326513214,308015193370.1657,57274872928143.36,954696132596.48,300288.0,64.0,14917127071.82,5.43,5792.0,2663452052.09,11523200.0,43008.0,256.0,58.0,0.12,2389848066.3,7066880.0,2048.0,15426.71,2663452052.09,0.0,0.0,0.0,168.0,0.0,191672.0,530784.0,10752.0,530784.0,0.0,0.0,5376.0,0.0,2.42,1784024.0,0.0,0.0
Polyhedral,Hip,FP32,NVIDIA RTX5080,polyhedral_hip,1,run_eval,"run_eval(const float3 *, const int3 *, float3 *, float3 *, float3 *, GravityModelResultHip *, int, float, float, float)","(58, 1, 1)","(256, 1, 1)",8.448000000000001e-06,DRAM,16347798.0,1561600.0,10.468620645491804,1935108664772.727,57218909090918.4,955151515151.36,1561600.0,64.0,14924242424.24,19.35,8448.0,2660849567.1,12938624.0,43008.0,256.0,58.0,0.23,2375710227.27,2680288.0,2048.0,22478.86,2660849567.1,0.0,0.0,0.0,168.0,0.0,1530078.0,5927088.0,10752.0,2963544.0,0.0,176928.0,5376.0,0.0,25.39,16347798.0,0.0,353856.0
Polyhedral,Hip,FP32,NVIDIA RTX5080,polyhedral_hip,2,cub::DeviceReduceKernel,"void cub::DeviceReduceKernel<cub::policy_selector_from_types<GravityModelResultHip, unsigned int, cuda::plus<GravityModelResultHip>>, thrust::device_ptr<GravityModelResultHip>, unsigned int, cuda::plus<GravityModelResultHip>, GravityModelResultHip, cuda::identity>(T2, T5 *, T3, cub::GridEvenShare<T3>, T4, T6)","(58, 1, 1)","(256, 1, 1)",2.944e-06,DRAM,598320.0,735488.0,0.8135006961364427,203233695652.17392,56691130434785.28,951652173912.96,735488.0,64.0,14869565217.39,26.25,2944.0,2636306288.82,1420992.0,43008.0,256.0,58.0,0.14,2373301630.43,910592.0,2048.0,7761.29,2636306288.82,0.0,0.0,0.0,168.0,0.0,598320.0,0.0,10752.0,0.0,0.0,0.0,5376.0,0.0,8.68,598320.0,0.0,0.0
Polyhedral,Hip,FP32,NVIDIA RTX5080,polyhedral_hip,3,cub::DeviceReduceSingleTileKernel,"void cub::DeviceReduceSingleTileKernel<cub::policy_selector_from_types<GravityModelResultHip, unsigned int, cuda::plus<GravityModelResultHip>>, GravityModelResultHip *, GravityModelResultHip *, int, cuda::plus<GravityModelResultHip>, GravityModelResultHip, GravityModelResultHip, cuda::identity>(T2, T3, T4, T5, T6, T8)","(1, 1, 1)","(256, 1, 1)",2.4960000000000003e-06,DRAM,2300.0,28672.0,0.08021763392857142,921474358.9743588,56412307692410.875,941948717948.8,28672.0,64.0,14717948717.95,1.22,2496.0,2623340201.47,5664.0,43008.0,256.0,1.0,0.0,2348157051.28,159968.0,2048.0,6547.86,2623340201.47,0.0,0.0,0.0,168.0,0.0,2300.0,0.0,10752.0,0.0,0.0,0.0,5376.0,0.0,0.17,2300.0,0.0,0.0
Polyhedral,Kokkos,FP32,NVIDIA RTX5080,polyhedral_kokkos,0,Kokkos::::query_cuda_kernel_arch,Kokkos::<unnamed>::query_cuda_kernel_arch(int *),"(1, 1, 1)","(1, 1, 1)",1.568e-06,DRAM,0.0,2560.0,0.0,0.0,55993469387735.05,919510204081.92,2560.0,64.0,14367346938.78,0.18,1568.0,2603862973.76,32.0,43008.0,1.0,1.0,0.0,2329719387.76,65824.0,2048.0,4082.86,2603862973.76,0.0,0.0,0.0,168.0,0.0,0.0,0.0,10752.0,0.0,0.0,1.0,5376.0,0.0,0.0,0.0,0.0,2.0
Polyhedral,Kokkos,FP32,NVIDIA RTX5080,polyhedral_kokkos,1,desul::::init_lock_arrays_cuda_kernel,desul::<unnamed>::init_lock_arrays_cuda_kernel(),"(512, 1, 1)","(256, 1, 1)",1.9872000000000002e-05,DRAM,0.0,70656.0,0.0,0.0,57316946859970.555,956805152979.2,70656.0,64.0,14950080515.3,0.37,19872.0,2665408615.14,1048576.0,43008.0,256.0,512.0,1.02,2382447665.06,692544.0,2048.0,52967.0,2665408615.14,0.0,0.0,0.0,168.0,0.0,0.0,0.0,10752.0,0.0,0.0,0.0,5376.0,0.0,1.11,0.0,0.0,0.0
Polyhedral,Kokkos,FP32,NVIDIA RTX5080,polyhedral_kokkos,2,Kokkos::cuda_parallel_launch_local_memory,"void Kokkos::cuda_parallel_launch_local_memory<Kokkos::ParallelFor<Kokkos::ViewValueFunctor<Kokkos::Device<Kokkos::Cuda, Kokkos::CudaSpace>, Array3Base<float>>, Kokkos::RangePolicy<Kokkos::Cuda, Kokkos::IndexType<long>, Kokkos::ViewValueFunctor<Kokkos::Device<Kokkos::Cuda, Kokkos::CudaSpace>, Array3Base<float>>::ConstructTag>, Kokkos::Cuda>>(T1)","(190, 1, 1)","(1, 128, 1)",1.728e-06,DRAM,0.0,5632.0,0.0,0.0,56519111111178.24,938666666666.88,5632.0,64.0,14666666666.67,0.35,1728.0,2628306878.31,872480.0,43008.0,128.0,190.0,0.19,2348958333.33,365152.0,2048.0,4541.71,2628306878.31,0.0,0.0,0.0,168.0,0.0,0.0,0.0,10752.0,0.0,0.0,24320.0,5376.0,0.0,2.78,0.0,0.0,48640.0
Polyhedral,Kokkos,FP32,NVIDIA RTX5080,polyhedral_kokkos,3,Kokkos::cuda_parallel_launch_local_memory,"void Kokkos::cuda_parallel_launch_local_memory<Kokkos::ParallelFor<Kokkos::ViewValueFunctor<Kokkos::Device<Kokkos::Cuda, Kokkos::CudaSpace>, Array3Base<unsigned long>>, Kokkos::RangePolicy<Kokkos::Cuda, Kokkos::IndexType<long>, Kokkos::ViewValueFunctor<Kokkos::Device<Kokkos::Cuda, Kokkos::CudaSpace>, Array3Base<unsigned long>>::ConstructTag>, Kokkos::Cuda>>(T1)","(116, 1, 1)","(1, 128, 1)",1.824e-06,DRAM,0.0,16128.0,0.0,0.0,55833263157934.08,934175438596.48,16128.0,64.0,14596491228.07,0.95,1824.0,2596412907.27,1061568.0,43008.0,128.0,116.0,0.12,2321271929.82,449824.0,2048.0,4735.86,2596412907.27,0.0,0.0,0.0,168.0,0.0,0.0,0.0,10752.0,0.0,0.0,14848.0,5376.0,0.0,1.63,0.0,0.0,29696.0
Polyhedral,Kokkos,FP32,NVIDIA RTX5080,polyhedral_kokkos,4,Kokkos::cuda_parallel_launch_local_memory,"void Kokkos::cuda_parallel_launch_local_memory<Kokkos::ParallelFor<Kokkos::ViewValueFunctor<Kokkos::Device<Kokkos::Cuda, Kokkos::CudaSpace>, Array3Base<float>>, Kokkos::RangePolicy<Kokkos::Cuda, Kokkos::IndexType<long>, Kokkos::ViewValueFunctor<Kokkos::Device<Kokkos::Cuda, Kokkos::CudaSpace>, Array3Base<float>>::ConstructTag>, Kokkos::Cuda>>(T1)","(116, 1, 1)","(1, 128, 1)",1.472e-06,DRAM,0.0,5120.0,0.0,0.0,55554782608711.68,934956521738.88,5120.0,64.0,14608695652.17,0.37,1472.0,2583462732.92,530784.0,43008.0,128.0,116.0,0.12,2313179347.83,252320.0,2048.0,3802.86,2583462732.92,0.0,0.0,0.0,168.0,0.0,0.0,0.0,10752.0,0.0,0.0,14848.0,5376.0,0.0,2.03,0.0,0.0,29696.0
Polyhedral,Kokkos,FP32,NVIDIA RTX5080,polyhedral_kokkos,5,Kokkos::cuda_parallel_launch_local_memory,"void Kokkos::cuda_parallel_launch_local_memory<Kokkos::ParallelFor<Kokkos::ViewValueFunctor<Kokkos::Device<Kokkos::Cuda, Kokkos::CudaSpace>, Array3Base<Array3Base<float>>>, Kokkos::RangePolicy<Kokkos::Cuda, Kokkos::IndexType<long>, Kokkos::ViewValueFunctor<Kokkos::Device<Kokkos::Cuda, Kokkos::CudaSpace>, Array3Base<Array3Base<float>>>::ConstructTag>, Kokkos::Cuda>>(T1)","(116, 1, 1)","(1, 128, 1)",3.552e-06,DRAM,0.0,3072.0,0.0,0.0,56826810810900.48,954810810810.88,3072.0,64.0,14918918918.92,0.09,3552.0,2642615830.12,4246272.0,43008.0,128.0,116.0,0.12,2362894144.14,4215456.0,2048.0,9386.57,2642615830.12,0.0,0.0,0.0,168.0,0.0,0.0,0.0,10752.0,0.0,0.0,14848.0,5376.0,0.0,1.17,0.0,0.0,29696.0
Polyhedral,Kokkos,FP32,NVIDIA RTX5080,polyhedral_kokkos,6,Kokkos::cuda_parallel_launch_local_memory,"void Kokkos::cuda_parallel_launch_local_memory<Kokkos::ParallelFor<Kokkos::ViewValueFunctor<Kokkos::Device<Kokkos::Cuda, Kokkos::CudaSpace>, Array3Base<Array3Base<float>>>, Kokkos::RangePolicy<Kokkos::Cuda, Kokkos::IndexType<long>, Kokkos::ViewValueFunctor<Kokkos::Device<Kokkos::Cuda, Kokkos::CudaSpace>, Array3Base<Array3Base<float>>>::ConstructTag>, Kokkos::Cuda>>(T1)","(116, 1, 1)","(1, 128, 1)",3.52e-06,DRAM,0.0,8960.0,0.0,0.0,57010036363714.555,949527272727.04,8960.0,64.0,14836363636.36,0.27,3520.0,2651136363.64,4246272.0,43008.0,128.0,116.0,0.12,2369886363.64,4225824.0,2048.0,9332.0,2651136363.64,0.0,0.0,0.0,168.0,0.0,0.0,0.0,10752.0,0.0,0.0,14848.0,5376.0,0.0,1.18,0.0,0.0,29696.0
Polyhedral,Kokkos,FP32,NVIDIA RTX5080,polyhedral_kokkos,7,Kokkos::cuda_parallel_launch_local_memory,"void Kokkos::cuda_parallel_launch_local_memory<Kokkos::ParallelFor<GravityEvaluable::init()::[lambda(int) (instance 1)], Kokkos::RangePolicy<Kokkos::Cuda>, Kokkos::Cuda>>(T1)","(116, 1, 1)","(1, 128, 1)",4.128e-06,DRAM,3081496.0,485120.0,6.352028364116095,746486434108.5271,57265116279060.48,952558139534.72,485120.0,64.0,14883720930.23,12.34,4128.0,2662998338.87,16300256.0,43008.0,128.0,116.0,0.14,2374031007.75,3242560.0,2048.0,10992.86,2662998338.87,0.0,0.0,0.0,168.0,0.0,132696.0,1297472.0,10752.0,353856.0,0.0,14744.0,5376.0,0.0,4.29,3081496.0,0.0,29488.0
Polyhedral,Kokkos,FP32,NVIDIA RTX5080,polyhedral_kokkos,8,Kokkos::cuda_parallel_launch_local_memory,"void Kokkos::cuda_parallel_launch_local_memory<Kokkos::ParallelFor<Kokkos::ViewValueFunctor<Kokkos::Device<Kokkos::Cuda, Kokkos::CudaSpace>, Array3Base<float>>, Kokkos::RangePolicy<Kokkos::Cuda, Kokkos::IndexType<long>, Kokkos::ViewValueFunctor<Kokkos::Device<Kokkos::Cuda, Kokkos::CudaSpace>, Array3Base<float>>::ConstructTag>, Kokkos::Cuda>>(T1)","(1, 1, 1)","(1, 128, 1)",1.728e-06,DRAM,0.0,5888.0,0.0,0.0,55676444444436.48,943407407407.36,5888.0,64.0,14740740740.74,0.36,1728.0,2589120370.37,96.0,43008.0,128.0,1.0,0.0,2313657407.41,74304.0,2048.0,4474.0,2589120370.37,0.0,0.0,0.0,168.0,0.0,0.0,0.0,10752.0,0.0,0.0,128.0,5376.0,0.0,0.01,0.0,0.0,256.0
Polyhedral,Kokkos,FP32,NVIDIA RTX5080,polyhedral_kokkos,9,Kokkos::cuda_parallel_launch_local_memory,"void Kokkos::cuda_parallel_launch_local_memory<Kokkos::ParallelFor<Kokkos::ViewFill<Kokkos::View<Array3Base<float> *, Kokkos::LayoutRight, Kokkos::Device<Kokkos::Cuda, Kokkos::CudaSpace>, Kokkos::MemoryTraits<0>>, Kokkos::LayoutRight, Kokkos::Cuda, 1, int>, Kokkos::RangePolicy<Kokkos::Cuda, Kokkos::IndexType<int>, Experimental::StaticBatchSize<16>>, Kokkos::Cuda>>(T1)","(1, 1, 1)","(1, 128, 1)",1.4080000000000001e-06,DRAM,0.0,37376.0,0.0,0.0,55889454545541.125,930909090908.8,37376.0,64.0,14545454545.45,2.85,1408.0,2599025974.03,96.0,43008.0,128.0,1.0,0.0,2326704545.45,100032.0,2048.0,3659.43,2599025974.03,0.0,0.0,0.0,168.0,0.0,0.0,0.0,10752.0,0.0,0.0,1.0,5376.0,0.0,0.01,0.0,0.0,2.0
Polyhedral,Kokkos,FP32,NVIDIA RTX5080,polyhedral_kokkos,10,Kokkos::cuda_parallel_launch_local_memory,"void Kokkos::cuda_parallel_launch_local_memory<Kokkos::ParallelReduce<Kokkos::CombinedFunctorReducer<GravityEvaluable::evaluate(const Array3Base<float> &)::[lambda(int, GravityModelResult &) (instance 1)], Kokkos::FunctorAnalysis<FunctorPatternInterface::REDUCE, Kokkos::RangePolicy<Kokkos::Cuda>, GravityEvaluable::evaluate(const Array3Base<float> &)::[lambda(int, GravityModelResult &) (instance 1)], GravityModelResult>::Reducer, void>, Kokkos::RangePolicy<Kokkos::Cuda>, Kokkos::Cuda>>(T1)","(58, 1, 1)","(1, 256, 1)",1.0976000000000001e-05,DRAM,17276418.0,1790720.0,9.647749508577556,1574017674927.1135,57201725947484.16,955335276967.68,1790720.0,64.0,14927113702.62,17.08,10976.0,2660050499.79,12175104.0,43008.0,256.0,58.0,0.35,2377459912.54,2369440.0,2048.0,29196.71,2660050499.79,0.0,0.0,0.0,168.0,0.0,2443954.0,6015552.0,10752.0,2801360.0,0.0,285778.0,5376.0,0.0,13.89,17276418.0,0.0,571556.0
Polyhedral,OpenMP,FP32,NVIDIA RTX5080,polyhedral_omp,0,__omp_offloading_813_a6af3d__ZN16GravityEvaluable4initEv_l431,__omp_offloading_813_a6af3d__ZN16GravityEvaluable4initEv_l431,"(461, 1, 1)","(32, 1, 1)",6.528e-06,DRAM,2727640.0,467456.0,5.835073247535597,417837009803.9216,56972705882265.6,953725490195.84,467456.0,64.0,14901960784.31,7.51,6528.0,2649400385.15,12127744.0,43008.0,32.0,461.0,0.23,2371629901.96,1918016.0,2048.0,17295.29,2649400385.15,0.0,0.0,0.0,168.0,0.0,132696.0,1179520.0,10752.0,235904.0,0.0,0.0,5376.0,0.0,2.54,2727640.0,0.0,0.0
Polyhedral,OpenMP,FP32,NVIDIA RTX5080,polyhedral_omp,1,__omp_offloading_813_a6af3d__ZN16GravityEvaluable8evaluateERK10Array3BaseIfE_l54,__omp_offloading_813_a6af3d__ZN16GravityEvaluable8evaluateERK10Array3BaseIfE_l54,"(461, 1, 1)","(32, 1, 1)",2.2112e-05,DRAM,14599448.0,1761024.0,8.290317451664485,660250000000.0,57302691751065.6,958054992764.16,1761024.0,64.0,14969609261.94,8.31,22112.0,2664745710.15,24908832.0,43008.0,32.0,461.0,0.23,2381060057.89,6775040.0,2048.0,58922.86,2664745710.15,0.0,0.0,0.0,168.0,0.0,1795470.0,5082401.0,10752.0,2639176.0,0.0,147440.0,5376.0,0.0,4.62,14599448.0,0.0,294880.0
Polyhedral,OpenMP,FP32,NVIDIA RTX5080,polyhedral_omp,2,__omp_offloading_813_a6af3d__ZN16GravityEvaluable8evaluateERK10Array3BaseIfE_l413,__omp_offloading_813_a6af3d__ZN16GravityEvaluable8evaluateERK10Array3BaseIfE_l413,"(1, 1, 1)","(128, 1, 1)",5.7248000000000005e-05,DRAM,153880.0,739584.0,0.20806291104188301,2687954164.3376184,57379398546677.76,958891000558.72,739584.0,64.0,14982671883.73,1.35,57248.0,2668312804.44,4718848.0,43008.0,128.0,1.0,0.0,2385131358.3,1034720.0,2048.0,152755.57,2668312804.44,0.0,0.0,0.0,168.0,0.0,153880.0,0.0,10752.0,0.0,0.0,256.0,5376.0,0.0,0.08,153880.0,0.0,512.0
Polyhedral,RAJA,FP32,NVIDIA RTX5080,polyhedral_raja,0,forallp_cuda_kernel,"void forallp_cuda_kernel<cuda_exec_explicit<Direct, IndexGlobal<0, 256, 0>, MaxOccupancyConcretizer, 1, 0>, 1, numeric_iterator<unsigned long, long, unsigned long *>, init()::[lambda(unsigned long) (instance 1)], long, ForallParamPack<>, Direct, IndexGlobal<0, 256, 0>, 256>(T4, T3, T5, T6)","(58, 1, 1)","(256, 1, 1)",4.256e-06,DRAM,3081496.0,464128.0,6.639323634859349,724035714285.7142,57033383458652.16,950857142856.96,464128.0,64.0,14857142857.14,11.47,4256.0,2652222073.04,16300256.0,43008.0,256.0,58.0,0.12,2369595864.66,3604992.0,2048.0,11287.86,2652222073.04,0.0,0.0,0.0,168.0,0.0,132696.0,1297472.0,10752.0,353856.0,0.0,14848.0,5376.0,0.0,4.18,3081496.0,0.0,29696.0
Polyhedral,RAJA,FP32,NVIDIA RTX5080,polyhedral_raja,1,forallp_cuda_kernel,"void forallp_cuda_kernel<cuda_exec_explicit<Direct, IndexGlobal<0, 256, 0>, MaxOccupancyConcretizer, 1, 0>, 1, numeric_iterator<unsigned long, long, unsigned long *>, evaluate(const Array3Base<float> &)::[lambda(unsigned long) (instance 1)], long, ForallParamPack<>, Direct, IndexGlobal<0, 256, 0>, 256>(T4, T3, T5, T6)","(58, 1, 1)","(256, 1, 1)",2.0576e-05,DRAM,17227466.0,1751296.0,9.836981298421284,837260206065.3187,57293337480529.92,957113530326.4,1751296.0,64.0,14954898911.35,8.89,20576.0,2664310708.73,12094208.0,43008.0,256.0,58.0,0.35,2382630248.83,2397280.0,2048.0,54820.86,2664310708.73,0.0,0.0,0.0,168.0,0.0,2395002.0,6015552.0,10752.0,2801360.0,0.0,236008.0,5376.0,0.0,7.37,17227466.0,0.0,472016.0
Polyhedral,Slang-Cuda,FP32,NVIDIA RTX5080,polyhedral_slang_cuda,0,run_eval,run_eval,"(58, 1, 1)","(256, 1, 1)",8.512e-06,DRAM,19856870.0,343296.0,57.84183328672632,2332808975563.9097,56920781954856.95,954706766917.12,343296.0,64.0,14917293233.08,4.22,8512.0,2646985767.99,34547168.0,43008.0,256.0,58.0,0.23,2373120300.75,6689056.0,2048.0,22531.14,2646985767.99,0.0,0.0,0.0,168.0,0.0,1662774.0,7652136.0,10752.0,2889824.0,0.0,221160.0,5376.0,0.0,10.43,19856870.0,0.0,442320.0
Polyhedral,Slang-Cuda,FP32,NVIDIA RTX5080,polyhedral_slang_cuda,1,cub::DeviceReduceKernel,"void cub::DeviceReduceKernel<cub::policy_selector_from_types<Result, unsigned int, cuda::plus<Result>>, thrust::device_ptr<Result>, unsigned int, cuda::plus<Result>, Result, cuda::identity>(T2, T5 *, T3, cub::GridEvenShare<T3>, T4, T6)","(58, 1, 1)","(256, 1, 1)",3.232e-06,DRAM,715248.0,1065472.0,0.6712968524747718,221301980198.0198,56800633663334.4,945425742574.08,1065472.0,64.0,14772277227.72,34.87,3232.0,2641398514.85,1894656.0,43008.0,256.0,58.0,0.14,2373762376.24,1238336.0,2048.0,8537.0,2641398514.85,0.0,0.0,0.0,168.0,0.0,715248.0,0.0,10752.0,0.0,0.0,0.0,5376.0,0.0,9.4,715248.0,0.0,0.0
Polyhedral,Slang-Cuda,FP32,NVIDIA RTX5080,polyhedral_slang_cuda,2,cub::DeviceReduceSingleTileKernel,"void cub::DeviceReduceSingleTileKernel<cub::policy_selector_from_types<Result, unsigned int, cuda::plus<Result>>, Result *, Result *, int, cuda::plus<Result>, Result, Result, cuda::identity>(T2, T3, T4, T5, T6, T8)","(1, 1, 1)","(256, 1, 1)",2.368e-06,DRAM,2760.0,28160.0,0.09801136363636363,1165540540.5405405,55830486486405.125,940972972972.8,28160.0,64.0,14702702702.7,1.26,2368.0,2596283783.78,7552.0,43008.0,256.0,1.0,0.0,2320945945.95,172928.0,2048.0,6148.0,2596283783.78,0.0,0.0,0.0,168.0,0.0,2760.0,0.0,10752.0,0.0,0.0,0.0,5376.0,0.0,0.22,2760.0,0.0,0.0
