Benchmark Problem,Paradigm,Precision,Hardware,Executable,Region,Kernel ID,Kernel,Kernel Signature,Grid Size,Block Size,Duration,Memory Level,FLOP,Memory Traffic,Arithmetic Intensity,Performance,Peak Performance,Peak Bandwidth,dram__bytes.sum,dram__bytes.sum.peak_sustained,dram__cycles_elapsed.avg.per_second,gpu__dram_throughput.avg.pct_of_peak_sustained_elapsed,gpu__time_duration.sum,l1tex__cycles_elapsed.avg.per_second,l1tex__t_bytes.sum,l1tex__t_bytes.sum.peak_sustained,launch__block_size,launch__grid_size,launch__waves_per_multiprocessor,lts__cycles_elapsed.avg.per_second,lts__t_bytes.sum,lts__t_bytes.sum.peak_sustained,sm__cycles_elapsed.avg,sm__cycles_elapsed.avg.per_second,sm__inst_executed_pipe_tensor.sum,sm__sass_thread_inst_executed_op_dadd_pred_on.sum,sm__sass_thread_inst_executed_op_dfma_pred_on.sum,sm__sass_thread_inst_executed_op_dfma_pred_on.sum.peak_sustained,sm__sass_thread_inst_executed_op_dmul_pred_on.sum,sm__sass_thread_inst_executed_op_fadd_pred_on.sum,sm__sass_thread_inst_executed_op_ffma_pred_on.sum,sm__sass_thread_inst_executed_op_ffma_pred_on.sum.peak_sustained,sm__sass_thread_inst_executed_op_fmul_pred_on.sum,sm__sass_thread_inst_executed_op_hadd_pred_on.sum,sm__sass_thread_inst_executed_op_hfma_pred_on.sum,sm__sass_thread_inst_executed_op_hfma_pred_on.sum.peak_sustained,sm__sass_thread_inst_executed_op_hmul_pred_on.sum,sm__throughput.avg.pct_of_peak_sustained_elapsed,FLOP FP32,FLOP FP64,FLOP FP16
MatrixMultiplication,OpenACC,FP32,NVIDIA RTX5080,matMul_acc,matmul,0,ImplOpenACC_23_gpu::operator,"ImplOpenACC_23_gpu<float>::operator ()(const vector<float, allocator<float>> &, const vector<float, allocator<float>> &, const MatrixMultiplicationConfig &)","(840, 1, 1)","(128, 1, 1)",0.05873267200000001,DRAM,137438953472.0,2441654784.0,56.289265121600415,2340076635232.9414,57262111692441.6,959167307763.84,2441654784.0,64.0,14986989183.81,4.33,58732672.0,2662858616.65,343681484800.0,43008.0,128.0,840.0,1.0,2373391883.14,184054009568.0,2048.0,156396801.71,2662858616.65,0.0,0.0,0.0,168.0,0.0,0.0,68719476736.0,10752.0,0.0,0.0,50435072.0,5376.0,0.0,65.4,137438953472.0,0.0,100870144.0
MatrixMultiplication,AdaptiveCpp,FP32,NVIDIA RTX5080,matMul_acpp,matmul,0,__acpp_sscp_kernel,"void __acpp_sscp_kernel<ndrange_parallel_for<ImplAdaptiveCpp<float>::operator ()(const vector<float, allocator<float>> &, const vector<float, allocator<float>> &, const MatrixMultiplicationConfig &)::[lambda(handler &) (instance 1)]::operator ()(handler &) lambda(const nd_item<2> &) (instance 1)], 2>>(const T1 &)","(256, 256, 1)","(16, 16, 1)",0.03994256,DRAM,137438953472.0,1922924800.0,71.47390967759114,3440914990726.683,57350743174502.4,959167162445.44,1922924800.0,64.0,14986986913.21,5.02,39942560.0,2666980244.35,274945015808.0,43008.0,256.0,65536.0,130.03,2379932057.43,34557426816.0,2048.0,106526018.43,2666980244.35,0.0,0.0,0.0,168.0,0.0,0.0,68719476736.0,10752.0,0.0,0.0,33554432.0,5376.0,0.0,96.03,137438953472.0,0.0,67108864.0
MatrixMultiplication,Alpaka,FP32,NVIDIA RTX5080,matMul_alpaka,matmul,0,gpuKernel,"void gpuKernel<ImplAlpaka<float>::operator ()(const vector<float, allocator<float>> &, const vector<float, allocator<float>> &, const MatrixMultiplicationConfig &)::[lambda(const AccGpuUniformCudaHipRt<ApiCudaRt, integral_constant<unsigned long, 2>, unsigned long> &, const float *, const float *, float *, unsigned long, unsigned long, unsigned long) (instance 1)], AccGpuUniformCudaHipRt<ApiCudaRt, integral_constant<unsigned long, 2>, unsigned long>, float *, float *, float *, int, int, int>(Vec<DimType<T2, void>::type, IdxType<T2, void>::type>, T1, T3...)","(4, 4096, 1)","(1024, 1, 1)",0.059269600000000006,DRAM,137438953472.0,1122553344.0,122.43422925654747,2318877695682.103,57359887345367.05,959167214760.96,1122553344.0,64.0,14986987730.64,1.97,59269600.0,2667405475.51,343664492544.0,43008.0,1024.0,16384.0,195.05,2371040600.92,275449512672.0,2048.0,158096055.57,2667405475.51,0.0,0.0,0.0,168.0,0.0,0.0,68719476736.0,10752.0,0.0,0.0,33554432.0,5376.0,0.0,64.71,137438953472.0,0.0,67108864.0
MatrixMultiplication,Cuda,FP32,NVIDIA RTX5080,matMul_cuda,matmul-cublas,0,cutlass::Kernel2,void cutlass::Kernel2<cutlass_80_simt_sgemm_256x128_8x4_nn_align1>(Params),"(256, 2, 3)","(256, 1, 1)",0.0035952640000000004,DRAM,137556393984.0,527746048.0,260.64883764700403,38260443178581.59,57056199373393.92,959156935345.92,527746048.0,64.0,14986827114.78,15.3,3595264.0,2653283080.98,3556868096.0,43008.0,256.0,1536.0,18.29,2379893938.25,3675740736.0,2048.0,9539253.14,2653283080.98,0.0,0.0,0.0,168.0,0.0,0.0,68753031168.0,10752.0,50331648.0,0.0,1441792.0,5376.0,0.0,75.13,137556393984.0,0.0,2883584.0
MatrixMultiplication,Cuda,FP32,NVIDIA RTX5080,matMul_cuda,matmul-naive,1,ppb::matrixMultiplication,"void ppb::matrixMultiplication<float>(const T1 *, const T1 *, T1 *, int, int, int)","(128, 171, 1)","(32, 24, 1)",0.04307488,DRAM,137438953472.0,2008805632.0,68.4182437975164,3190698464441.456,57365159904675.84,959167104725.76,2008805632.0,64.0,14986986011.34,4.86,43074880.0,2667650665.21,343664492544.0,43008.0,768.0,21888.0,130.29,2380521245.79,20319800608.0,2048.0,114908732.29,2667650665.21,0.0,0.0,0.0,168.0,0.0,0.0,68719476736.0,10752.0,0.0,0.0,16777216.0,5376.0,0.0,89.03,137438953472.0,0.0,33554432.0
MatrixMultiplication,Hip,FP32,NVIDIA RTX5080,matMul_hip,matmul,0,matrixMultiplicationHip,"void matrixMultiplicationHip<float>(const T1 *, const T1 *, T1 *, int, int, int)","(128, 171, 1)","(32, 24, 1)",0.042958464,DRAM,137438953472.0,1834617600.0,74.91422379900858,3199345150515.6235,57363886333286.4,959167040609.28,1834617600.0,64.0,14986985009.52,4.45,42958464.0,2667591440.35,343664492544.0,43008.0,768.0,21888.0,130.29,2380714100.95,20300144864.0,2048.0,114595630.86,2667591440.35,0.0,0.0,0.0,168.0,0.0,0.0,68719476736.0,10752.0,0.0,0.0,16777216.0,5376.0,0.0,89.27,137438953472.0,0.0,33554432.0
MatrixMultiplication,Kokkos,FP32,NVIDIA RTX5080,matMul_kokkos,matmul,2,Kokkos::cuda_parallel_launch_local_memory,"void Kokkos::cuda_parallel_launch_local_memory<Kokkos::ParallelFor<ppb::ImplKokkos<float>::operator ()(const std::vector<float, std::allocator<float>> &, const std::vector<float, std::allocator<float>> &, const ppb::MatrixMultiplicationConfig &)::[lambda(int, int) (instance 1)], Kokkos::MDRangePolicy<Kokkos::Rank<2, 0, 0>, Kokkos::Cuda>, Kokkos::Cuda>>(T1)","(256, 256, 1)","(16, 16, 1)",0.039814816,DRAM,137438953472.0,2442190080.0,56.27692725375414,3451955007703.6646,57367439999385.6,959166959354.88,2442190080.0,64.0,14986983739.92,6.39,39814816.0,2667756696.4,274945015808.0,43008.0,256.0,65536.0,130.03,2379500435.21,35516034848.0,2048.0,106216242.0,2667756696.4,0.0,0.0,0.0,168.0,0.0,0.0,68719476736.0,10752.0,0.0,0.0,16777216.0,5376.0,0.0,96.31,137438953472.0,0.0,33554432.0
MatrixMultiplication,OpenMP,FP32,NVIDIA RTX5080,matMul_omp,matmul,0,__omp_offloading_813_a20a56__ZN3ppb16ImplOpenMPDeviceIfEclERKSt6vectorIfSaIfEES6_RKNS_26MatrixMultiplicationConfigE_l20,__omp_offloading_813_a20a56__ZN3ppb16ImplOpenMPDeviceIfEclERKSt6vectorIfSaIfEES6_RKNS_26MatrixMultiplicationConfigE_l20,"(3200, 1, 1)","(128, 1, 1)",0.062468416000000006,DRAM,137438953472.0,2035502336.0,67.52090186350934,2200135080614.1777,57344689672488.95,959167993246.08,2035502336.0,64.0,14986999894.47,3.4,62468416.0,2666698738.49,343715643392.0,43008.0,128.0,3200.0,3.17,2372650444.67,229433757984.0,2048.0,166584446.14,2666698738.49,0.0,0.0,0.0,168.0,0.0,0.0,68719476736.0,10752.0,0.0,0.0,33554432.0,5376.0,0.0,61.42,137438953472.0,0.0,67108864.0
MatrixMultiplication,RAJA,FP32,NVIDIA RTX5080,matMul_raja,matmul,0,CudaKernelLauncherFixed,"void CudaKernelLauncherFixed<256, 1, LoopData<tuple<Span<numeric_iterator<int, int, int *>, int>, Span<numeric_iterator<int, int, int *>, int>>, tuple<>, Cuda, ImplRaja<float>::operator ()(const vector<float, allocator<float>> &, const vector<float, allocator<float>> &, const MatrixMultiplicationConfig &)::[lambda(int, int) (instance 1)]>, CudaStatementListExecutor<LoopData<tuple<Span<numeric_iterator<int, int, int *>, int>, Span<numeric_iterator<int, int, int *>, int>>, tuple<>, Cuda, ImplRaja<float>::operator ()(const vector<float, allocator<float>> &, const vector<float, allocator<float>> &, const MatrixMultiplicationConfig &)::[lambda(int, int) (instance 1)]>, list<Tile<1, tile_fixed<16>, cuda_indexer<StridedLoop<0>, 0, IndexGlobal<1, (int)-1, 0>>, Tile<0, tile_fixed<16>, cuda_indexer<StridedLoop<0>, 0, IndexGlobal<0, (int)-1, 0>>, For<1, cuda_indexer<StridedLoop<0>, 0, IndexGlobal<1, 0, (int)-1>>, For<0, cuda_indexer<StridedLoop<0>, 0, IndexGlobal<0, 0, (int)-1>>, Lambda<0, >>>>>>, LoopTypes<list<void, void>, list<void, void>>>>(T3)","(256, 256, 1)","(16, 16, 1)",0.039355008000000004,DRAM,137438953472.0,2405737984.0,57.12964353810527,3492286254191.5884,57357312907991.05,959167374073.6,2405737984.0,64.0,14986990219.9,6.37,39355008.0,2667285756.51,274945015808.0,43008.0,256.0,65536.0,156.04,2378259763.03,34925728832.0,2048.0,104971052.29,2667285756.51,0.0,0.0,0.0,168.0,0.0,0.0,68719476736.0,10752.0,0.0,0.0,8606711808.0,5376.0,0.0,97.45,137438953472.0,0.0,17213423616.0
MatrixMultiplication,Slang-Cuda,FP32,NVIDIA RTX5080,matMul_slang_cuda,matmul,0,matmul_kernel,matmul_kernel,"(256, 256, 1)","(16, 16, 1)",0.08316176,DRAM,137438953472.0,1984069120.0,69.2712527434528,1652670091061.0837,57348327404390.4,959167248023.68,1984069120.0,64.0,14986988250.37,2.49,83161760.0,2666867903.85,274995347456.0,43008.0,256.0,65536.0,130.03,2381699317.09,29286294784.0,2048.0,221781428.57,2666867903.85,0.0,0.0,0.0,168.0,0.0,0.0,68719476736.0,10752.0,0.0,0.0,16777216.0,5376.0,0.0,46.14,137438953472.0,0.0,33554432.0
MatrixMultiplication,Stdpar,FP32,NVIDIA RTX5080,matMul_stdpar,matmul,0,static_kernel,"void static_kernel<policy_500_t, long, op_wrapper_t<long, ImplStdpar<float>::operator ()(const vector<float, allocator<float>> &, const vector<float, allocator<float>> &, const MatrixMultiplicationConfig &)::[lambda(float &) (instance 1)], float *>>(T2, T3)","(32768, 1, 1)","(256, 1, 1)",0.058615968000000004,DRAM,137438953472.0,5489240576.0,25.03788120945348,2344735712152.702,57341124636579.84,959167501660.8,5489240576.0,64.0,14986992213.45,9.76,58615968.0,2666532953.71,343664492544.0,43008.0,256.0,32768.0,65.02,2368930374.06,275304139712.0,2048.0,156301410.29,2666532953.71,0.0,0.0,0.0,168.0,0.0,0.0,68719476736.0,10752.0,0.0,0.0,41943040.0,5376.0,0.0,65.44,137438953472.0,0.0,83886080.0
Polyhedral,OpenACC,FP32,NVIDIA RTX5080,polyhedral_acc,init,0,init_299,init_299(),"(24576, 1, 1)","(128, 1, 1)",0.0007328640000000001,DRAM,657457152.0,333819648.0,1.9694980686097903,897106628242.0748,57362959392184.32,959100165924.48,333819648.0,64.0,14985940092.57,47.49,732864.0,2667548334.83,2686536896.0,43008.0,128.0,24576.0,24.38,2379047135.62,1720132576.0,2048.0,1954950.14,2667548334.83,0.0,0.0,0.0,168.0,0.0,28311552.0,276824064.0,10752.0,75497472.0,0.0,0.0,5376.0,0.0,4.67,657457152.0,0.0,0.0
Polyhedral,OpenACC,FP32,NVIDIA RTX5080,polyhedral_acc,evaluate,1,evaluate_50,evaluate_50(const Array3Base<float> &),"(24576, 1, 1)","(128, 1, 1)",0.000529312,DRAM,3526183226.0,462180096.0,7.629457124003886,6661823699443.807,57087487334492.16,959168127682.56,462180096.0,64.0,14987001995.04,91.03,529312.0,2654738064.29,3712044224.0,43008.0,128.0,24576.0,58.51,2368264841.91,638060288.0,2048.0,1405184.71,2654738064.29,0.0,0.0,0.0,168.0,0.0,339024769.0,1249122013.0,10752.0,688914431.0,0.0,47185919.0,5376.0,0.0,45.31,3526183226.0,0.0,94371838.0
Polyhedral,AdaptiveCpp,FP32,NVIDIA RTX5080,polyhedral_acpp,init,0,__acpp_sscp_kernel,"void __acpp_sscp_kernel<basic_parallel_for<init()::[lambda(handler &) (instance 1)]::operator ()(handler &) lambda(const id<1> &) (instance 1)], 1>>(const T1 &)","(24576, 1, 1)","(128, 1, 1)",0.000787776,DRAM,581959680.0,334815488.0,1.7381504167453568,738737509139.6539,57361739215226.875,959110894467.2,334815488.0,64.0,14986107726.05,44.31,787776.0,2667491592.97,2670808256.0,43008.0,128.0,24576.0,24.38,2378989712.81,1861958496.0,2048.0,2101385.86,2667491592.97,0.0,0.0,0.0,168.0,0.0,28311552.0,251658240.0,10752.0,50331648.0,0.0,3145734.0,5376.0,0.0,3.79,581959680.0,0.0,6291468.0
Polyhedral,AdaptiveCpp,FP32,NVIDIA RTX5080,polyhedral_acpp,evaluate,1,__acpp_sscp_kernel,"void __acpp_sscp_kernel<ndrange_parallel_for<auto algorithms::wg_hierarchical_reduction_engine<algorithms::group_horizontal_reducer<algorithms::generic_local_memory<algorithms::reduction_descriptor<algorithms::reduction_binary_operator<GravityModelResultAcpp, evaluate(const Array3Base<float> &)::[lambda(handler &) (instance 1)]::operator ()(handler &) lambda(const GravityModelResultAcpp &, const GravityModelResultAcpp &) (instance 1)], 1>, GravityModelResultAcpp *>>>>::wrap_main_kernel<std::shared_ptr<rt::dag_node> submit_ndrange_reduction_kernel<__acpp_unnamed_kernel, void submit_kernel<__acpp_unnamed_kernel, 1, evaluate(const Array3Base<float> &)::[lambda(handler &) (instance 1)]::operator ()(handler &) lambda(const id<1> &, T1 &) (instance 1)], 1, algorithms::reduction_descriptor<algorithms::reduction_binary_operator<GravityModelResultAcpp, evaluate(const Array3Base<float> &)::[lambda(handler &) (instance 1)]::operator ()(handler &) lambda(const GravityModelResultAcpp &, const GravityModelResultAcpp &) (instance 1)], 1>, GravityModelResultAcpp *>>(id<T4>, range<T4>, range<T4>, T3, T5...)::[lambda(nd_item<1>, T1 &...) (instance 1)], 1, algorithms::reduction_descriptor<algorithms::reduction_binary_operator<GravityModelResultAcpp, evaluate(const Array3Base<float> &)::[lambda(handler &) (instance 1)]::operator ()(handler &) lambda(const GravityModelResultAcpp &, const GravityModelResultAcpp &) (instance 1)], 1>, GravityModelResultAcpp *>>(range<T3>, range<T3>, T2, T4...)::[lambda(nd_item<1>, T1 &...) (instance 1)], algorithms::configured_reduction_descriptor<algorithms::reduction_descriptor<algorithms::reduction_binary_operator<GravityModelResultAcpp, evaluate(const Array3Base<float> &)::[lambda(handler &) (instance 1)]::operator ()(handler &) lambda(const GravityModelResultAcpp &, const GravityModelResultAcpp &) (instance 1)], 1>, GravityModelResultAcpp *>>>(const T1 &, const algorithms::group_horizontal_reducer<algorithms::generic_local_memory<algorithms::reduction_descriptor<algorithms::reduction_binary_operator<GravityModelResultAcpp, evaluate(const Array3Base<float> &)::[lambda(handler &) (instance 1)]::operator ()(handler &) lambda(const GravityModelResultAcpp &, const GravityModelResultAcpp &) (instance 1)], 1>, GravityModelResultAcpp *>>> &, const T2 &...)::[lambda(T1...) (instance 1)], 1>>(const T1 &)","(336, 1, 1)","(128, 1, 1)",0.000621536,DRAM,3145976858.0,377593344.0,8.331653372576397,5061616475956.341,57049138032230.4,959139988673.28,377593344.0,64.0,14986562323.02,63.34,621536.0,2652954707.6,4359914624.0,43008.0,128.0,336.0,0.8,2369626216.34,1702848320.0,2048.0,1648906.86,2652954707.6,0.0,0.0,0.0,168.0,0.0,342597217.0,1161041629.0,10752.0,481296383.0,0.0,37791747.0,5376.0,0.0,29.52,3145976858.0,0.0,75583494.0
Polyhedral,AdaptiveCpp,FP32,NVIDIA RTX5080,polyhedral_acpp,evaluate,2,__acpp_sscp_kernel,"void __acpp_sscp_kernel<ndrange_parallel_for<auto algorithms::wg_hierarchical_reduction_engine<algorithms::group_horizontal_reducer<algorithms::generic_local_memory<algorithms::reduction_descriptor<algorithms::reduction_binary_operator<GravityModelResultAcpp, evaluate(const Array3Base<float> &)::[lambda(handler &) (instance 1)]::operator ()(handler &) lambda(const GravityModelResultAcpp &, const GravityModelResultAcpp &) (instance 1)], 1>, GravityModelResultAcpp *>>>>::create_dedicated_reduction_kernel<algorithms::configured_reduction_descriptor<algorithms::reduction_descriptor<algorithms::reduction_binary_operator<GravityModelResultAcpp, evaluate(const Array3Base<float> &)::[lambda(handler &) (instance 1)]::operator ()(handler &) lambda(const GravityModelResultAcpp &, const GravityModelResultAcpp &) (instance 1)], 1>, GravityModelResultAcpp *>>>(const algorithms::group_horizontal_reducer<algorithms::generic_local_memory<algorithms::reduction_descriptor<algorithms::reduction_binary_operator<GravityModelResultAcpp, evaluate(const Array3Base<float> &)::[lambda(handler &) (instance 1)]::operator ()(handler &) lambda(const GravityModelResultAcpp &, const GravityModelResultAcpp &) (instance 1)], 1>, GravityModelResultAcpp *>>> &, const T1 &...)::[lambda(T1, T2 &&...) (instance 1)], 1>>(const T1 &)","(3, 1, 1)","(128, 1, 1)",2.624e-06,DRAM,7170.0,20736.0,0.34577546296296297,2732469512.195122,56752390243799.05,949073170731.52,20736.0,64.0,14829268292.68,0.83,2624.0,2639155052.26,108000.0,43008.0,128.0,3.0,0.0,2353658536.59,107008.0,2048.0,6925.14,2639155052.26,0.0,0.0,0.0,168.0,0.0,7170.0,0.0,10752.0,0.0,0.0,0.0,5376.0,0.0,0.35,7170.0,0.0,0.0
Polyhedral,AdaptiveCpp,FP32,NVIDIA RTX5080,polyhedral_acpp,evaluate,3,__acpp_sscp_kernel,"void __acpp_sscp_kernel<ndrange_parallel_for<auto algorithms::wg_hierarchical_reduction_engine<algorithms::group_horizontal_reducer<algorithms::generic_local_memory<algorithms::reduction_descriptor<algorithms::reduction_binary_operator<GravityModelResultAcpp, evaluate(const Array3Base<float> &)::[lambda(handler &) (instance 1)]::operator ()(handler &) lambda(const GravityModelResultAcpp &, const GravityModelResultAcpp &) (instance 1)], 1>, GravityModelResultAcpp *>>>>::create_dedicated_reduction_kernel<algorithms::configured_reduction_descriptor<algorithms::reduction_descriptor<algorithms::reduction_binary_operator<GravityModelResultAcpp, evaluate(const Array3Base<float> &)::[lambda(handler &) (instance 1)]::operator ()(handler &) lambda(const GravityModelResultAcpp &, const GravityModelResultAcpp &) (instance 1)], 1>, GravityModelResultAcpp *>>>(const algorithms::group_horizontal_reducer<algorithms::generic_local_memory<algorithms::reduction_descriptor<algorithms::reduction_binary_operator<GravityModelResultAcpp, evaluate(const Array3Base<float> &)::[lambda(handler &) (instance 1)]::operator ()(handler &) lambda(const GravityModelResultAcpp &, const GravityModelResultAcpp &) (instance 1)], 1>, GravityModelResultAcpp *>>> &, const T1 &...)::[lambda(T1, T2 &&...) (instance 1)], 1>>(const T1 &)","(1, 1, 1)","(128, 1, 1)",2.9120000000000002e-06,DRAM,1310.0,12544.0,0.10443239795918367,449862637.36263734,56530285714237.445,945230769230.72,12544.0,64.0,14769230769.23,0.46,2912.0,2628826530.61,1152.0,43008.0,128.0,1.0,0.0,2347527472.53,97888.0,2048.0,7655.14,2628826530.61,0.0,0.0,0.0,168.0,0.0,1310.0,0.0,10752.0,0.0,0.0,0.0,5376.0,0.0,0.1,1310.0,0.0,0.0
Polyhedral,Alpaka,FP32,NVIDIA RTX5080,polyhedral_alpaka,init,0,gpuKernel,"void gpuKernel<<unnamed>::InitKernel, AccGpuUniformCudaHipRt<ApiCudaRt, integral_constant<unsigned long, 1>, unsigned long>, Array3Base<float> *, Array3Base<unsigned long>*, Array3Base<float> *, Array3Base<Array3Base<float>>*, Array3Base<Array3Base<float>>*, unsigned long>(Vec<DimType<T2, void>::type, IdxType<T2, void>::type>, T1, T3...)","(3072, 1, 1)","(1024, 1, 1)",0.000847072,DRAM,657457152.0,339616768.0,1.9358795381975957,776152619848.1356,57366043745955.84,959127195799.04,339616768.0,64.0,14986362434.36,41.8,847072.0,2667691766.46,2670808256.0,43008.0,1024.0,3072.0,36.57,2379208615.09,2030513216.0,2048.0,2259727.0,2667691766.46,0.0,0.0,0.0,168.0,0.0,28311552.0,276824064.0,10752.0,75497472.0,0.0,3145734.0,5376.0,0.0,3.77,657457152.0,0.0,6291468.0
Polyhedral,Alpaka,FP32,NVIDIA RTX5080,polyhedral_alpaka,evaluate,1,gpuKernel,"void gpuKernel<<unnamed>::EvalKernel, AccGpuUniformCudaHipRt<ApiCudaRt, integral_constant<unsigned long, 1>, unsigned long>, Array3Base<float> *, Array3Base<unsigned long>*, Array3Base<float> *, Array3Base<Array3Base<float>>*, Array3Base<Array3Base<float>>*, GravityModelResult *, unsigned long, float, float, float>(Vec<DimType<T2, void>::type, IdxType<T2, void>::type>, T1, T3...)","(4096, 1, 1)","(768, 1, 1)",0.0006105920000000001,DRAM,3472169824.0,470994688.0,7.371993596666636,5686562915989.728,57311411351685.125,959091032964.48,470994688.0,64.0,14985797390.07,80.43,610592.0,2665151197.53,3677441216.0,43008.0,768.0,4096.0,48.76,2376999698.65,809428288.0,2048.0,1627320.0,2665151197.53,0.0,0.0,0.0,168.0,0.0,339024769.0,1251999728.0,10752.0,629145599.0,0.0,44040196.0,5376.0,0.0,52.93,3472169824.0,0.0,88080392.0
Polyhedral,Cuda,FP32,NVIDIA RTX5080,polyhedral_cuda,init,0,run_init,"run_init(const float3 *, const int3 *, float3 *, float3 *, float3 *, int)","(12288, 1, 1)","(256, 1, 1)",0.0008133760000000001,DRAM,242221056.0,317638912.0,0.762567326763794,297797151624.83276,57366061845872.64,959098591549.44,317638912.0,64.0,14985915492.96,40.72,813376.0,2667692608.16,2557562048.0,43008.0,256.0,12288.0,24.38,2379353460.15,1881957728.0,2048.0,2169837.14,2667692608.16,0.0,0.0,0.0,168.0,0.0,28311552.0,62914560.0,10752.0,88080384.0,0.0,0.0,5376.0,0.0,3.67,242221056.0,0.0,0.0
Polyhedral,Cuda,FP32,NVIDIA RTX5080,polyhedral_cuda,evaluate,1,run_eval,"run_eval(const float3 *, const int3 *, float3 *, float3 *, float3 *, GravityModelResultCuda *, int, float, float, float)","(12288, 1, 1)","(256, 1, 1)",0.0007002880000000001,DRAM,3487898464.0,557499648.0,6.256324064979499,4980662904405.044,57318189727733.76,959134344727.04,557499648.0,64.0,14986474136.36,83.0,700288.0,2665466412.19,2859551936.0,43008.0,256.0,12288.0,48.76,2386062591.39,642458176.0,2048.0,1866594.14,2665466412.19,0.0,0.0,0.0,168.0,0.0,326441857.0,1264582640.0,10752.0,632291327.0,0.0,37748735.0,5376.0,0.0,65.2,3487898464.0,0.0,75497470.0
Polyhedral,Cuda,FP32,NVIDIA RTX5080,polyhedral_cuda,evaluate,2,cub::DeviceReduceKernel,"void cub::DeviceReduceKernel<cub::policy_selector_from_types<GravityModelResultCuda, unsigned int, cuda::plus<GravityModelResultCuda>>, thrust::device_ptr<GravityModelResultCuda>, unsigned int, cuda::plus<GravityModelResultCuda>, GravityModelResultCuda, cuda::identity>(T2, T5 *, T3, cub::GridEvenShare<T3>, T4, T6)","(840, 1, 1)","(256, 1, 1)",0.00017168,DRAM,38034480.0,155081984.0,0.2452540199640469,221542870456.66354,57324418266501.125,958914445479.68,155081984.0,64.0,14983038210.62,94.2,171680.0,2665756057.78,302070528.0,43008.0,256.0,840.0,5.0,2377487185.46,152915648.0,2048.0,457657.0,2665756057.78,0.0,0.0,0.0,168.0,0.0,38034480.0,0.0,10752.0,0.0,0.0,215040.0,5376.0,0.0,3.56,38034480.0,0.0,430080.0
Polyhedral,Cuda,FP32,NVIDIA RTX5080,polyhedral_cuda,evaluate,3,cub::DeviceReduceSingleTileKernel,"void cub::DeviceReduceSingleTileKernel<cub::policy_selector_from_types<GravityModelResultCuda, unsigned int, cuda::plus<GravityModelResultCuda>>, GravityModelResultCuda *, GravityModelResultCuda *, int, cuda::plus<GravityModelResultCuda>, GravityModelResultCuda, GravityModelResultCuda, cuda::identity>(T2, T3, T4, T5, T6, T8)","(1, 1, 1)","(256, 1, 1)",3.7760000000000004e-06,DRAM,16240.0,66304.0,0.24493243243243243,4300847457.627118,57277016949196.8,961084745762.56,66304.0,64.0,15016949152.54,1.83,3776.0,2663551755.45,80736.0,43008.0,256.0,1.0,0.0,2378177966.1,201600.0,2048.0,10057.57,2663551755.45,0.0,0.0,0.0,168.0,0.0,16240.0,0.0,10752.0,0.0,0.0,512.0,5376.0,0.0,0.13,16240.0,0.0,1024.0
Polyhedral,Hip,FP32,NVIDIA RTX5080,polyhedral_hip,init,0,run_init,"run_init(const float3 *, const int3 *, float3 *, float3 *, float3 *, int)","(12288, 1, 1)","(256, 1, 1)",0.000780352,DRAM,380633088.0,298635520.0,1.2745740627236841,487771016156.8113,57362184860252.16,959091937997.44,298635520.0,64.0,14985811531.21,39.9,780352.0,2667512316.79,2557562048.0,43008.0,256.0,12288.0,24.38,2384171502.09,1842909856.0,2048.0,2081598.57,2667512316.79,0.0,0.0,0.0,168.0,0.0,40894464.0,113246208.0,10752.0,113246208.0,0.0,0.0,5376.0,0.0,3.82,380633088.0,0.0,0.0
Polyhedral,Hip,FP32,NVIDIA RTX5080,polyhedral_hip,evaluate,1,run_eval,"run_eval(const float3 *, const int3 *, float3 *, float3 *, float3 *, GravityModelResultHip *, int, float, float, float)","(12288, 1, 1)","(256, 1, 1)",0.000694176,DRAM,3487898464.0,551504640.0,6.324332038258101,5024516065090.121,57326701147914.24,959129673166.72,551504640.0,64.0,14986401143.23,82.83,694176.0,2665862218.56,2859551936.0,43008.0,256.0,12288.0,48.76,2378346413.59,637383104.0,2048.0,1850577.57,2665862218.56,0.0,0.0,0.0,168.0,0.0,326441857.0,1264582640.0,10752.0,632291327.0,0.0,37748739.0,5376.0,0.0,65.77,3487898464.0,0.0,75497478.0
Polyhedral,Hip,FP32,NVIDIA RTX5080,polyhedral_hip,evaluate,2,cub::DeviceReduceKernel,"void cub::DeviceReduceKernel<cub::policy_selector_from_types<GravityModelResultHip, unsigned int, cuda::plus<GravityModelResultHip>>, thrust::device_ptr<GravityModelResultHip>, unsigned int, cuda::plus<GravityModelResultHip>, GravityModelResultHip, cuda::identity>(T2, T5 *, T3, cub::GridEvenShare<T3>, T4, T6)","(2100, 1, 1)","(256, 1, 1)",0.000170528,DRAM,47900280.0,157010944.0,0.3050760589019833,280893929442.6722,57257343591598.08,959099268155.52,157010944.0,64.0,14985926064.93,96.0,170528.0,2662636885.77,302191488.0,43008.0,256.0,2100.0,5.0,2378178363.67,151755904.0,2048.0,454054.14,2662636885.77,0.0,0.0,0.0,168.0,0.0,47900280.0,0.0,10752.0,0.0,0.0,537600.0,5376.0,0.0,6.66,47900280.0,0.0,1075200.0
Polyhedral,Hip,FP32,NVIDIA RTX5080,polyhedral_hip,evaluate,3,cub::DeviceReduceSingleTileKernel,"void cub::DeviceReduceSingleTileKernel<cub::policy_selector_from_types<GravityModelResultHip, unsigned int, cuda::plus<GravityModelResultHip>>, GravityModelResultHip *, GravityModelResultHip *, int, cuda::plus<GravityModelResultHip>, GravityModelResultHip, GravityModelResultHip, cuda::identity>(T2, T3, T4, T5, T6, T8)","(1, 1, 1)","(256, 1, 1)",5.568000000000001e-06,DRAM,28840.0,135680.0,0.21255896226415094,5179597701.149425,57051034482677.76,953379310344.96,135680.0,64.0,14896551724.14,2.56,5568.0,2653042898.19,201696.0,43008.0,256.0,1.0,0.0,2367636494.25,272032.0,2048.0,14772.14,2653042898.19,0.0,0.0,0.0,168.0,0.0,28840.0,0.0,10752.0,0.0,0.0,256.0,5376.0,0.0,0.11,28840.0,0.0,512.0
Polyhedral,Kokkos,FP32,NVIDIA RTX5080,polyhedral_kokkos,init,7,Kokkos::cuda_parallel_launch_local_memory,"void Kokkos::cuda_parallel_launch_local_memory<Kokkos::ParallelFor<GravityEvaluable::init()::[lambda(int) (instance 1)], Kokkos::RangePolicy<Kokkos::Cuda>, Kokkos::Cuda>>(T1)","(24576, 1, 1)","(1, 128, 1)",0.0006877760000000001,DRAM,657457152.0,333909248.0,1.9689695806208998,955917554552.6449,57350756432363.52,959097752756.48,333909248.0,64.0,14985902386.82,50.62,687776.0,2666980860.88,3576777920.0,43008.0,128.0,24576.0,29.26,2386093728.19,1630298528.0,2048.0,1834285.43,2666980860.88,0.0,0.0,0.0,168.0,0.0,28311552.0,276824064.0,10752.0,75497472.0,0.0,3145734.0,5376.0,0.0,5.49,657457152.0,0.0,6291468.0
Polyhedral,Kokkos,FP32,NVIDIA RTX5080,polyhedral_kokkos,evaluate,8,Kokkos::cuda_parallel_launch_local_memory,"void Kokkos::cuda_parallel_launch_local_memory<Kokkos::ParallelFor<Kokkos::ViewValueFunctor<Kokkos::Device<Kokkos::Cuda, Kokkos::CudaSpace>, Array3Base<float>>, Kokkos::RangePolicy<Kokkos::Cuda, Kokkos::IndexType<long>, Kokkos::ViewValueFunctor<Kokkos::Device<Kokkos::Cuda, Kokkos::CudaSpace>, Array3Base<float>>::ConstructTag>, Kokkos::Cuda>>(T1)","(1, 1, 1)","(1, 128, 1)",1.568e-06,DRAM,0.0,5888.0,0.0,0.0,56089469387857.92,940408163265.28,5888.0,64.0,14693877551.02,0.4,1568.0,2608327259.48,96.0,43008.0,128.0,1.0,0.0,2333545918.37,59552.0,2048.0,4089.86,2608327259.48,0.0,0.0,0.0,168.0,0.0,0.0,0.0,10752.0,0.0,0.0,128.0,5376.0,0.0,0.01,0.0,0.0,256.0
Polyhedral,Kokkos,FP32,NVIDIA RTX5080,polyhedral_kokkos,evaluate,9,Kokkos::cuda_parallel_launch_local_memory,"void Kokkos::cuda_parallel_launch_local_memory<Kokkos::ParallelFor<Kokkos::ViewFill<Kokkos::View<Array3Base<float> *, Kokkos::LayoutRight, Kokkos::Device<Kokkos::Cuda, Kokkos::CudaSpace>, Kokkos::MemoryTraits<0>>, Kokkos::LayoutRight, Kokkos::Cuda, 1, int>, Kokkos::RangePolicy<Kokkos::Cuda, Kokkos::IndexType<int>, Experimental::StaticBatchSize<16>>, Kokkos::Cuda>>(T1)","(1, 1, 1)","(1, 128, 1)",1.5040000000000001e-06,DRAM,0.0,5376.0,0.0,0.0,56676765957396.48,947744680851.2,5376.0,64.0,14808510638.3,0.38,1504.0,2635638297.87,96.0,43008.0,128.0,1.0,0.0,2363031914.89,58432.0,2048.0,3964.0,2635638297.87,0.0,0.0,0.0,168.0,0.0,0.0,0.0,10752.0,0.0,0.0,1.0,5376.0,0.0,0.01,0.0,0.0,2.0
Polyhedral,Kokkos,FP32,NVIDIA RTX5080,polyhedral_kokkos,evaluate,10,Kokkos::cuda_parallel_launch_local_memory,"void Kokkos::cuda_parallel_launch_local_memory<Kokkos::ParallelReduce<Kokkos::CombinedFunctorReducer<GravityEvaluable::evaluate(const Array3Base<float> &)::[lambda(int, GravityModelResult &) (instance 1)], Kokkos::FunctorAnalysis<FunctorPatternInterface::REDUCE, Kokkos::RangePolicy<Kokkos::Cuda>, GravityEvaluable::evaluate(const Array3Base<float> &)::[lambda(int, GravityModelResult &) (instance 1)], GravityModelResult>::Reducer, void>, Kokkos::RangePolicy<Kokkos::Cuda>, Kokkos::Cuda>>(T1)","(504, 1, 1)","(1, 256, 1)",0.000529184,DRAM,3510944544.0,363053824.0,9.67058962585118,6634638507589.042,57185789925519.36,959106004716.8,363053824.0,64.0,14986031323.7,71.53,529184.0,2659309427.34,2678969728.0,43008.0,256.0,504.0,3.0,2386525291.77,434367456.0,2048.0,1407264.0,2659309427.34,0.0,0.0,0.0,168.0,0.0,346342209.0,1283457008.0,10752.0,597688319.0,0.0,50623811.0,5376.0,0.0,61.5,3510944544.0,0.0,101247622.0
Polyhedral,OpenMP,FP32,NVIDIA RTX5080,polyhedral_omp,init,0,__omp_offloading_813_a660f2__ZN16GravityEvaluable4initEv_l434,__omp_offloading_813_a660f2__ZN16GravityEvaluable4initEv_l434,"(3200, 1, 1)","(128, 1, 1)",0.00077216,DRAM,581959680.0,371548928.0,1.5663069817819526,753677579776.2122,57380823207536.64,959114131786.24,371548928.0,64.0,14986158309.16,50.17,772160.0,2668379055.41,2686536896.0,43008.0,128.0,3200.0,3.81,2385645462.08,1783624672.0,2048.0,2060415.57,2668379055.41,0.0,0.0,0.0,168.0,0.0,28311552.0,251658240.0,10752.0,50331648.0,0.0,6.0,5376.0,0.0,4.35,581959680.0,0.0,12.0
Polyhedral,OpenMP,FP32,NVIDIA RTX5080,polyhedral_omp,evaluate,1,__omp_offloading_813_a660f2__ZN16GravityEvaluable8evaluateERK10Array3BaseIfE_l56,__omp_offloading_813_a660f2__ZN16GravityEvaluable8evaluateERK10Array3BaseIfE_l56,"(3200, 1, 1)","(128, 1, 1)",0.000602592,DRAM,3117238586.0,487889408.0,6.389231934299341,5173050067043.704,56620678668072.95,959085762837.76,487889408.0,64.0,14985715044.34,84.42,602592.0,2633030071.99,5401096832.0,43008.0,128.0,3200.0,5.44,2360084435.24,1786378848.0,2048.0,1586642.86,2633030071.99,0.0,0.0,0.0,168.0,0.0,383064961.0,1085544157.0,10752.0,563085311.0,0.0,31457283.0,5376.0,0.0,36.58,3117238586.0,0.0,62914566.0
Polyhedral,OpenMP,FP32,NVIDIA RTX5080,polyhedral_omp,evaluate,2,__omp_offloading_813_a660f2__ZN16GravityEvaluable8evaluateERK10Array3BaseIfE_l415,__omp_offloading_813_a660f2__ZN16GravityEvaluable8evaluateERK10Array3BaseIfE_l415,"(1, 1, 1)","(128, 1, 1)",0.011707008000000001,DRAM,31463720.0,176140800.0,0.17862823377661508,2687597035.8950806,57391155312046.08,959163796590.72,176140800.0,64.0,14986934321.73,1.57,11707008.0,2668859529.02,1006633728.0,43008.0,128.0,1.0,0.0,2390465949.97,159978432.0,2048.0,31244359.86,2668859529.02,0.0,0.0,0.0,168.0,0.0,31463720.0,0.0,10752.0,0.0,0.0,256.0,5376.0,0.0,0.07,31463720.0,0.0,512.0
Polyhedral,RAJA,FP32,NVIDIA RTX5080,polyhedral_raja,init,0,forallp_cuda_kernel,"void forallp_cuda_kernel<cuda_exec_explicit<Direct, IndexGlobal<0, 256, 0>, MaxOccupancyConcretizer, 1, 0>, 1, numeric_iterator<unsigned long, long, unsigned long *>, init()::[lambda(unsigned long) (instance 1)], long, ForallParamPack<>, Direct, IndexGlobal<0, 256, 0>, 256>(T4, T3, T5, T6)","(12288, 1, 1)","(256, 1, 1)",0.00070496,DRAM,657457152.0,355653376.0,1.8485896560138375,932616250567.4081,57380176123361.28,959122650930.56,355653376.0,64.0,14986291420.79,52.6,704960.0,2668348964.07,3576777920.0,43008.0,256.0,12288.0,24.38,2384701259.65,1668375776.0,2048.0,1881079.29,2668348964.07,0.0,0.0,0.0,168.0,0.0,28311552.0,276824064.0,10752.0,75497472.0,0.0,3145734.0,5376.0,0.0,5.35,657457152.0,0.0,6291468.0
Polyhedral,RAJA,FP32,NVIDIA RTX5080,polyhedral_raja,evaluate,1,forallp_cuda_kernel,"void forallp_cuda_kernel<cuda_exec_explicit<Direct, IndexGlobal<0, 256, 0>, MaxOccupancyConcretizer, 1, 0>, 1, numeric_iterator<unsigned long, long, unsigned long *>, evaluate(const Array3Base<float> &)::[lambda(unsigned long) (instance 1)], long, ForallParamPack<>, Direct, IndexGlobal<0, 256, 0>, 256>(T4, T3, T5, T6)","(12288, 1, 1)","(256, 1, 1)",0.001248,DRAM,3671274400.0,389127424.0,9.434632908319513,2941726282051.282,57366971076925.445,959133538461.44,389127424.0,64.0,14986461538.46,32.51,1248000.0,2667734890.11,2679164416.0,43008.0,256.0,12288.0,73.14,2388882211.54,444410432.0,2048.0,3329333.14,2667734890.11,0.0,0.0,0.0,168.0,0.0,506672065.0,1283457008.0,10752.0,597688319.0,0.0,50331651.0,5376.0,0.0,25.87,3671274400.0,0.0,100663302.0
Polyhedral,Slang-Cuda,FP32,NVIDIA RTX5080,polyhedral_slang_cuda,evaluate,0,run_eval,run_eval,"(12288, 1, 1)","(256, 1, 1)",0.0010187520000000002,DRAM,4236581728.0,704151808.0,6.016574380506313,4158599667043.5977,57235844704174.08,959163714034.56,704151808.0,64.0,14986933031.79,72.06,1018752.0,2661637123.52,7568791936.0,43008.0,256.0,12288.0,48.76,2377808338.04,1872261408.0,2048.0,2711548.14,2661637123.52,0.0,0.0,0.0,168.0,0.0,354753409.0,1632632816.0,10752.0,616562687.0,0.0,47185929.0,5376.0,0.0,18.39,4236581728.0,0.0,94371858.0
Polyhedral,Slang-Cuda,FP32,NVIDIA RTX5080,polyhedral_slang_cuda,evaluate,1,cub::DeviceReduceKernel,"void cub::DeviceReduceKernel<cub::policy_selector_from_types<Result, unsigned int, cuda::plus<Result>>, thrust::device_ptr<Result>, unsigned int, cuda::plus<Result>, Result, cuda::identity>(T2, T5 *, T3, cub::GridEvenShare<T3>, T4, T6)","(2100, 1, 1)","(256, 1, 1)",0.000152928,DRAM,40815312.0,140768256.0,0.28994684710734786,266892341494.03638,57394942875002.875,958915254237.44,140768256.0,64.0,14983050847.46,95.99,152928.0,2669035661.97,186948096.0,43008.0,256.0,2100.0,5.0,2384370422.68,141743456.0,2048.0,408170.29,2669035661.97,0.0,0.0,0.0,168.0,0.0,40815312.0,0.0,10752.0,0.0,0.0,537600.0,5376.0,0.0,7.79,40815312.0,0.0,1075200.0
Polyhedral,Slang-Cuda,FP32,NVIDIA RTX5080,polyhedral_slang_cuda,evaluate,2,cub::DeviceReduceSingleTileKernel,"void cub::DeviceReduceSingleTileKernel<cub::policy_selector_from_types<Result, unsigned int, cuda::plus<Result>>, Result *, Result *, int, cuda::plus<Result>, Result, Result, cuda::identity>(T2, T3, T4, T5, T6, T8)","(1, 1, 1)","(256, 1, 1)",6.24e-06,DRAM,22272.0,163840.0,0.1359375,3569230769.230769,56980676923054.08,954420512820.48,163840.0,64.0,14912820512.82,2.75,6240.0,2649771062.27,209920.0,43008.0,256.0,1.0,0.0,2375320512.82,351072.0,2048.0,16534.57,2649771062.27,0.0,0.0,0.0,168.0,0.0,22272.0,0.0,10752.0,0.0,0.0,0.0,5376.0,0.0,0.11,22272.0,0.0,0.0
Polyhedral,Stdpar,FP32,NVIDIA RTX5080,polyhedral_stdpar,init,0,for_each::static_kernel,"void for_each::static_kernel<for_each::policy_500_t, long, for_each::op_wrapper_t<long, GravityEvaluable::init()::[lambda(Array3Base<float> &) (instance 1)], Array3Base<float> *>>(T2, T3)","(6144, 1, 1)","(256, 1, 1)",0.00082992,DRAM,657457152.0,338485504.0,1.9423495075286887,792193406593.4065,57375900057907.2,959128899171.2,338485504.0,64.0,14986389049.55,42.52,829920.0,2668150114.3,2670808256.0,43008.0,256.0,6144.0,12.19,2378491902.83,1918383904.0,2048.0,2214351.14,2668150114.3,0.0,0.0,0.0,168.0,0.0,28311552.0,276824064.0,10752.0,75497472.0,0.0,4718592.0,5376.0,0.0,3.81,657457152.0,0.0,9437184.0
Polyhedral,Stdpar,FP32,NVIDIA RTX5080,polyhedral_stdpar,evaluate,1,for_each::static_kernel,"void for_each::static_kernel<for_each::policy_500_t, long, for_each::op_wrapper_t<long, GravityEvaluable::evaluate(const Array3Base<float> &)::[lambda(GravityModelResult &) (instance 1)], GravityModelResult *>>(T2, T3)","(6144, 1, 1)","(256, 1, 1)",0.000524384,DRAM,3519891770.0,454087168.0,7.751577269851413,6712431672209.678,57044093977006.08,959090010373.76,454087168.0,64.0,14985781412.09,90.29,524384.0,2652720144.02,3677441216.0,43008.0,256.0,6144.0,24.38,2370024638.43,677976192.0,2048.0,1391044.0,2652720144.02,0.0,0.0,0.0,168.0,0.0,332733313.0,1249122013.0,10752.0,688914431.0,0.0,55050239.0,5376.0,0.0,45.77,3519891770.0,0.0,110100478.0
Polyhedral,Stdpar,FP32,NVIDIA RTX5080,polyhedral_stdpar,evaluate,2,reduce::DeviceReduceKernel,"void reduce::DeviceReduceKernel<reduce::policy_hub<GravityModelResult, unsigned int, std::plus<void>>::Policy1000, __gnu_cxx::__normal_iterator<GravityModelResult *, std::vector<GravityModelResult, std::allocator<GravityModelResult>>>, unsigned int, std::plus<void>, GravityModelResult, cuda::identity>(T2, T5 *, T3, GridEvenShare<T3>, T4, T6)","(1680, 1, 1)","(256, 1, 1)",0.00014169600000000002,DRAM,44611680.0,128684288.0,0.3466754231876389,314840785907.859,57327176151705.6,958843721770.24,128684288.0,64.0,14981933152.66,94.72,141696.0,2665884307.65,1007170560.0,43008.0,256.0,1680.0,5.0,2379799006.32,126484576.0,2048.0,377745.14,2665884307.65,0.0,0.0,0.0,168.0,0.0,44611680.0,0.0,10752.0,0.0,0.0,0.0,5376.0,0.0,12.3,44611680.0,0.0,0.0
Polyhedral,Stdpar,FP32,NVIDIA RTX5080,polyhedral_stdpar,evaluate,3,reduce::DeviceReduceSingleTileKernel,"void reduce::DeviceReduceSingleTileKernel<reduce::policy_hub<GravityModelResult, unsigned int, std::plus<void>>::Policy1000, GravityModelResult *, GravityModelResult *, int, std::plus<void>, GravityModelResult, GravityModelResult, cuda::identity>(T2, T3, T4, T5, T6, T8)","(1, 1, 1)","(256, 1, 1)",4.704e-06,DRAM,24640.0,110080.0,0.2238372093023256,5238095238.095238,57212081632634.875,952598639456.0,110080.0,64.0,14884353741.5,2.46,4704.0,2660532069.97,537920.0,43008.0,256.0,1.0,0.0,2377551020.41,263072.0,2048.0,12515.14,2660532069.97,0.0,0.0,0.0,168.0,0.0,24640.0,0.0,10752.0,0.0,0.0,256.0,5376.0,0.0,0.21,24640.0,0.0,512.0
