Benchmark Problem,Paradigm,Description,Precision,Hardware,Problem Size,Iterations,Wall Clock Time,CPU Time,Kernel Time,Neighbor Search Time,Position Update Time,Velocity Update Time,Force Update Time,Time Unit
MatrixMultiplication,AdaptiveCpp,Naive,32,INTEL Data Center GPU Max 1550,32.0,996.0,989760.4106453104,986264.3664658635,23748.433734939757,,,,,ns
MatrixMultiplication,AdaptiveCpp,Naive,32,INTEL Data Center GPU Max 1550,64.0,811.0,1052511.471024951,1050081.918618989,45477.09001233045,,,,,ns
MatrixMultiplication,AdaptiveCpp,Naive,32,INTEL Data Center GPU Max 1550,128.0,418.0,2691764.8851740872,2683744.6052631577,85495.11961722487,,,,,ns
MatrixMultiplication,AdaptiveCpp,Naive,32,INTEL Data Center GPU Max 1550,256.0,264.0,3945136.4961926383,3932470.4431818174,132100.60606060605,,,,,ns
MatrixMultiplication,AdaptiveCpp,Naive,32,INTEL Data Center GPU Max 1550,512.0,233.0,2626296.4592217826,2621185.4721030053,276556.9098712446,,,,,ns
MatrixMultiplication,AdaptiveCpp,Naive,32,INTEL Data Center GPU Max 1550,1024.0,100.0,6308275.2299669655,6282758.839999998,2188550.4,,,,,ns
MatrixMultiplication,AdaptiveCpp,Naive,32,INTEL Data Center GPU Max 1550,2048.0,16.0,42855305.87458197,42380711.93750004,15918020.0,,,,,ns
MatrixMultiplication,AdaptiveCpp,Naive,32,INTEL Data Center GPU Max 1550,4096.0,3.0,209662170.6659789,208366260.00000003,124846666.66666667,,,,,ns
MatrixMultiplication,AdaptiveCpp,Naive,32,INTEL Data Center GPU Max 1550,8192.0,1.0,1306869489.0025654,1304023957.0,1001266080.0,,,,,ns
MatrixMultiplication,AdaptiveCpp,Naive,32,INTEL Data Center GPU Max 1550,16384.0,1.0,11684522938.005102,11658203839.000002,10512863040.0,,,,,ns
MatrixMultiplication,Alpaka,,32,INTEL Data Center GPU Max 1550,32.0,346.0,3226552.1936280774,1851977.9624277456,1250566.3410404625,,,,,ns
MatrixMultiplication,Alpaka,,32,INTEL Data Center GPU Max 1550,64.0,431.0,2708254.835267606,1236557.9373549891,722062.5034802784,,,,,ns
MatrixMultiplication,Alpaka,,32,INTEL Data Center GPU Max 1550,128.0,260.0,3847868.026927104,2369806.1461538454,1833454.673076923,,,,,ns
MatrixMultiplication,Alpaka,,32,INTEL Data Center GPU Max 1550,256.0,365.0,4193282.364397182,1693920.7095890387,990845.4739726027,,,,,ns
MatrixMultiplication,Alpaka,,32,INTEL Data Center GPU Max 1550,512.0,132.0,6342608.075735343,3899508.4469697014,3147320.659090909,,,,,ns
MatrixMultiplication,Alpaka,,32,INTEL Data Center GPU Max 1550,1024.0,63.0,10721530.936568761,9529117.746031733,7954509.031746032,,,,,ns
MatrixMultiplication,Alpaka,,32,INTEL Data Center GPU Max 1550,2048.0,6.0,89212951.66752923,86639271.3333332,81275986.16666667,,,,,ns
MatrixMultiplication,Alpaka,,32,INTEL Data Center GPU Max 1550,4096.0,1.0,689165816.998866,686549961.0000007,660583995.0,,,,,ns
MatrixMultiplication,Alpaka,,32,INTEL Data Center GPU Max 1550,8192.0,1.0,3920124123.003916,3916068011.0,3823048773.0,,,,,ns
MatrixMultiplication,Alpaka,,32,INTEL Data Center GPU Max 1550,16384.0,1.0,29272629229.99944,29226639675.999996,28891675528.0,,,,,ns
MatrixMultiplication,Boost,,32,INTEL Data Center GPU Max 1550,32.0,748.0,1090934.5802213072,707415.8930481283,23028.449197860962,,,,,ns
MatrixMultiplication,Boost,,32,INTEL Data Center GPU Max 1550,64.0,880.0,1452589.627272325,775779.8943181824,43919.09090909091,,,,,ns
MatrixMultiplication,Boost,,32,INTEL Data Center GPU Max 1550,128.0,929.0,1107175.57804056,722455.339074273,83082.02368137783,,,,,ns
MatrixMultiplication,Boost,,32,INTEL Data Center GPU Max 1550,256.0,911.0,1427377.9923176805,960430.4895718978,128415.36772777168,,,,,ns
MatrixMultiplication,Boost,,32,INTEL Data Center GPU Max 1550,512.0,443.0,1930347.2641124662,1443491.09029345,270820.76749435667,,,,,ns
MatrixMultiplication,Boost,,32,INTEL Data Center GPU Max 1550,1024.0,176.0,4870075.215917909,4296058.500000003,2166529.090909091,,,,,ns
MatrixMultiplication,Boost,,32,INTEL Data Center GPU Max 1550,2048.0,28.0,27410054.750102323,24610952.285714302,15704645.714285715,,,,,ns
MatrixMultiplication,Boost,,32,INTEL Data Center GPU Max 1550,4096.0,5.0,146596805.59998378,145721072.19999993,121711520.0,,,,,ns
MatrixMultiplication,Boost,,32,INTEL Data Center GPU Max 1550,8192.0,1.0,1077930409.0028746,1075734402.000002,980285760.0,,,,,ns
MatrixMultiplication,Boost,,32,INTEL Data Center GPU Max 1550,16384.0,1.0,10646221171.99906,10625120165.000006,10260166960.0,,,,,ns
MatrixMultiplication,Kokkos,,32,INTEL Data Center GPU Max 1550,32.0,546.0,1675251.4578704808,1185672.1776556775,50504.494505494506,,,,,ns
MatrixMultiplication,Kokkos,,32,INTEL Data Center GPU Max 1550,64.0,573.0,2229797.951139617,1257648.9633507852,79887.09947643979,,,,,ns
MatrixMultiplication,Kokkos,,32,INTEL Data Center GPU Max 1550,128.0,445.0,2385171.456180717,1668621.4044943815,147326.59325842696,,,,,ns
MatrixMultiplication,Kokkos,,32,INTEL Data Center GPU Max 1550,256.0,326.0,5148504.187115125,2205400.3773006126,307513.9693251534,,,,,ns
MatrixMultiplication,Kokkos,,32,INTEL Data Center GPU Max 1550,512.0,234.0,4531520.6666717315,2854990.222222222,430511.68376068375,,,,,ns
MatrixMultiplication,Kokkos,,32,INTEL Data Center GPU Max 1550,1024.0,98.0,9589020.357192827,6715648.489795916,2298139.3061224488,,,,,ns
MatrixMultiplication,Kokkos,,32,INTEL Data Center GPU Max 1550,2048.0,18.0,39422833.7778865,36480015.94444445,15791357.833333334,,,,,ns
MatrixMultiplication,Kokkos,,32,INTEL Data Center GPU Max 1550,4096.0,4.0,166862271.99897984,163611618.99999964,121664514.25,,,,,ns
MatrixMultiplication,Kokkos,,32,INTEL Data Center GPU Max 1550,8192.0,1.0,1146960466.99828,1144140241.0000005,971674528.0,,,,,ns
MatrixMultiplication,Kokkos,,32,INTEL Data Center GPU Max 1550,16384.0,1.0,10930271129.000175,10920165888.999996,10248492313.0,,,,,ns
MatrixMultiplication,OpenCL,,32,INTEL Data Center GPU Max 1550,32.0,987.0,2005039.681863026,761896.3373860184,22779.007092198583,,,,,ns
MatrixMultiplication,OpenCL,,32,INTEL Data Center GPU Max 1550,64.0,860.0,1375366.9151155073,741782.8348837204,44455.813953488374,,,,,ns
MatrixMultiplication,OpenCL,,32,INTEL Data Center GPU Max 1550,128.0,836.0,1179513.8145934676,788762.8325358856,83508.13397129187,,,,,ns
MatrixMultiplication,OpenCL,,32,INTEL Data Center GPU Max 1550,256.0,451.0,2332758.822622518,1526691.6496674062,129199.82261640798,,,,,ns
MatrixMultiplication,OpenCL,,32,INTEL Data Center GPU Max 1550,512.0,331.0,3184677.1027048375,2029092.1027190292,271094.62235649547,,,,,ns
MatrixMultiplication,OpenCL,,32,INTEL Data Center GPU Max 1550,1024.0,118.0,6525888.084779273,5614699.203389832,2156980.338983051,,,,,ns
MatrixMultiplication,OpenCL,,32,INTEL Data Center GPU Max 1550,2048.0,24.0,32316844.499897946,29079719.166666668,15936380.0,,,,,ns
MatrixMultiplication,OpenCL,,32,INTEL Data Center GPU Max 1550,4096.0,5.0,154286516.2002272,153186666.99999994,121827968.0,,,,,ns
MatrixMultiplication,OpenCL,,32,INTEL Data Center GPU Max 1550,8192.0,1.0,1111448212.0028696,1088175717.9999986,980133120.0,,,,,ns
MatrixMultiplication,OpenCL,,32,INTEL Data Center GPU Max 1550,16384.0,1.0,10775236356.996174,10598148621.0,10260743040.0,,,,,ns
MatrixMultiplication,OpenMP,,32,INTEL Data Center GPU Max 1550,32.0,6866.0,110220.21599160094,110158.72283716864,109742.26405476259,,,,,ns
MatrixMultiplication,OpenMP,,32,INTEL Data Center GPU Max 1550,64.0,5058.0,111868.91340433531,111855.15282720441,111269.96935547647,,,,,ns
MatrixMultiplication,OpenMP,,32,INTEL Data Center GPU Max 1550,128.0,1864.0,609080.1974256434,483294.95386266115,601639.4270386266,,,,,ns
MatrixMultiplication,OpenMP,,32,INTEL Data Center GPU Max 1550,256.0,999.0,869070.6726756307,651859.7327327329,839500.1851851852,,,,,ns
MatrixMultiplication,OpenMP,,32,INTEL Data Center GPU Max 1550,512.0,442.0,1717867.260183549,1545647.7239819001,1614298.1402714932,,,,,ns
MatrixMultiplication,OpenMP,,32,INTEL Data Center GPU Max 1550,1024.0,106.0,8692242.679247119,6741636.603773582,7981036.952830189,,,,,ns
MatrixMultiplication,OpenMP,,32,INTEL Data Center GPU Max 1550,2048.0,11.0,60523341.09038136,57835755.72727278,53994934.36363637,,,,,ns
MatrixMultiplication,OpenMP,,32,INTEL Data Center GPU Max 1550,4096.0,2.0,455184262.500552,452520910.9999997,418202227.5,,,,,ns
MatrixMultiplication,OpenMP,,32,INTEL Data Center GPU Max 1550,8192.0,1.0,3400480106.000032,3395724709.9999995,3249745571.0,,,,,ns
MatrixMultiplication,OpenMP,,32,INTEL Data Center GPU Max 1550,16384.0,1.0,26003994340.004284,25965595146.0,25414451922.0,,,,,ns
MatrixMultiplication,RAJA,,32,INTEL Data Center GPU Max 1550,32.0,387.0,3633792.8398001217,2121506.2558139535,1286163.03875969,,,,,ns
MatrixMultiplication,RAJA,,32,INTEL Data Center GPU Max 1550,64.0,275.0,3146720.7199999723,2347448.985454546,1607393.4836363636,,,,,ns
MatrixMultiplication,RAJA,,32,INTEL Data Center GPU Max 1550,128.0,253.0,4698913.612632125,3358675.0711462456,2348595.122529644,,,,,ns
MatrixMultiplication,RAJA,,32,INTEL Data Center GPU Max 1550,256.0,147.0,7351035.693869055,4775208.9863945525,3484438.136054422,,,,,ns
MatrixMultiplication,RAJA,,32,INTEL Data Center GPU Max 1550,512.0,86.0,10511556.29068299,7939765.953488378,6093988.209302326,,,,,ns
MatrixMultiplication,RAJA,,32,INTEL Data Center GPU Max 1550,1024.0,38.0,21331307.44742199,18286625.157894727,15244321.684210526,,,,,ns
MatrixMultiplication,RAJA,,32,INTEL Data Center GPU Max 1550,2048.0,13.0,44477846.38446487,41509360.69230759,37343996.384615384,,,,,ns
MatrixMultiplication,RAJA,,32,INTEL Data Center GPU Max 1550,4096.0,3.0,215636411.66479406,210067801.33333376,188010908.0,,,,,ns
MatrixMultiplication,RAJA,,32,INTEL Data Center GPU Max 1550,8192.0,1.0,1328568596.9967744,1319814047.9999995,1232606090.0,,,,,ns
MatrixMultiplication,RAJA,,32,INTEL Data Center GPU Max 1550,16384.0,1.0,11728737182.995247,11687327062.999998,11359752057.0,,,,,ns
MatrixMultiplication,Stdpar,,32,INTEL Data Center GPU Max 1550,32.0,1.0,822207308.0032715,818227386.0,821105677.0,,,,,ns
MatrixMultiplication,Stdpar,,32,INTEL Data Center GPU Max 1550,64.0,461.0,2712416.7201628173,1527086.4837310195,1911768.694143167,,,,,ns
MatrixMultiplication,Stdpar,,32,INTEL Data Center GPU Max 1550,128.0,434.0,2679220.066811006,1794657.3548387093,1666462.124423963,,,,,ns
MatrixMultiplication,Stdpar,,32,INTEL Data Center GPU Max 1550,256.0,269.0,3593300.0185971796,2287833.624535314,1906728.531598513,,,,,ns
MatrixMultiplication,Stdpar,,32,INTEL Data Center GPU Max 1550,512.0,221.0,5605322.719452591,3746854.4751131223,2382722.805429864,,,,,ns
MatrixMultiplication,Stdpar,,32,INTEL Data Center GPU Max 1550,1024.0,45.0,16430108.066641778,14394242.444444435,7155302.022222222,,,,,ns
MatrixMultiplication,Stdpar,,32,INTEL Data Center GPU Max 1550,2048.0,9.0,71018598.44422305,69143993.33333331,54168729.333333336,,,,,ns
MatrixMultiplication,Stdpar,,32,INTEL Data Center GPU Max 1550,4096.0,1.0,738578736.0035465,736512643.9999994,670080023.0,,,,,ns
MatrixMultiplication,Stdpar,,32,INTEL Data Center GPU Max 1550,8192.0,1.0,5847941926.003841,5837512935.000001,5577452776.0,,,,,ns
MatrixMultiplication,Stdpar,,32,INTEL Data Center GPU Max 1550,16384.0,1.0,45764857611.997284,45713293433.99999,44617510004.0,,,,,ns
NBody,AdaptiveCpp,,32,INTEL Data Center GPU Max 1550,10.0,1.0,568140981.9953842,566088328.0,,0.0,3414080.0,1990560.0,3656640.0,ns
NBody,AdaptiveCpp,,32,INTEL Data Center GPU Max 1550,100.0,5.0,140958891.19926143,140912235.4,,0.0,3344224.0,2093312.0,22701056.0,ns
NBody,AdaptiveCpp,,32,INTEL Data Center GPU Max 1550,1000.0,2.0,377702873.4984924,377639794.0,,0.0,6245520.0,2982240.0,275654080.0,ns
NBody,AdaptiveCpp,,32,INTEL Data Center GPU Max 1550,10000.0,1.0,2896870298.9950542,2896579459.0000005,,0.0,6008960.0,2981920.0,2784553600.0,ns
NBody,AdaptiveCpp,,32,INTEL Data Center GPU Max 1550,100000.0,1.0,29197698641.997704,29195076186.999996,,0.0,10729760.0,16867200.0,28976400640.0,ns
NBody,Alpaka,,32,INTEL Data Center GPU Max 1550,10.0,1.0,530480706.00198114,527584611.0,,0.0,471271702.0,23471181.0,26113731.0,ns
NBody,Alpaka,,32,INTEL Data Center GPU Max 1550,100.0,3.0,175296331.3338114,173514993.66666666,,0.0,108321492.33333333,21802059.0,41637942.0,ns
NBody,Alpaka,,32,INTEL Data Center GPU Max 1550,1000.0,1.0,561282194.9980571,560360523.0,,0.0,285339749.0,22576832.0,250423488.0,ns
NBody,Alpaka,,32,INTEL Data Center GPU Max 1550,10000.0,1.0,3175912017.0027018,3174738442.0000005,,0.0,282414219.0,26123930.0,2863734369.0,ns
NBody,Alpaka,,32,INTEL Data Center GPU Max 1550,100000.0,1.0,29700668684.99998,29697023972.0,,0.0,296123558.0,88387798.0,29309189430.0,ns
NBody,Boost,,32,INTEL Data Center GPU Max 1550,10.0,7.0,95702409.85755976,93342657.57142858,,0.0,2254788.5714285714,1795931.4285714286,3790788.5714285714,ns
NBody,Boost,,32,INTEL Data Center GPU Max 1550,100.0,7.0,95838401.57158972,93673429.7142857,,0.0,2411405.714285714,1797920.0,20237760.0,ns
NBody,Boost,,32,INTEL Data Center GPU Max 1550,1000.0,2.0,351457159.00216603,349216354.0000002,,0.0,2952560.0,2643680.0,273323600.0,ns
NBody,Boost,,32,INTEL Data Center GPU Max 1550,10000.0,1.0,3040896803.002397,3038382854.0,,0.0,4015360.0,3437280.0,2953220800.0,ns
NBody,Boost,,32,INTEL Data Center GPU Max 1550,100000.0,1.0,29334536080.998077,29326216612.0,,0.0,7046240.0,15901760.0,29144171440.0,ns
NBody,Kokkos,Naive,32,INTEL Data Center GPU Max 1550,10.0,1.0,1033897307.0029169,1029040596.0,,0.0,669681415.0,20139543.0,335046655.0,ns
NBody,Kokkos,Naive,32,INTEL Data Center GPU Max 1550,100.0,9.0,85126722.55569164,82574935.22222221,,0.0,22011185.0,20032698.0,39206895.44444445,ns
NBody,Kokkos,Naive,32,INTEL Data Center GPU Max 1550,1000.0,3.0,263603389.6681814,261240454.66666675,,0.0,22742867.666666668,21308427.333333332,215759077.33333334,ns
NBody,Kokkos,Naive,32,INTEL Data Center GPU Max 1550,10000.0,1.0,2304872199.005331,2303391808.0,,0.0,26362143.0,26174260.0,2248652537.0,ns
NBody,Kokkos,Naive,32,INTEL Data Center GPU Max 1550,100000.0,1.0,22960126117.0028,22951109594.0,,0.0,89024653.0,95730994.0,22769474458.0,ns
NBody,Kokkos,Reduction,32,INTEL Data Center GPU Max 1550,10.0,9.0,81876065.66692314,79351759.77777812,,0.0,21336340.888888888,20140303.0,35080061.666666664,ns
NBody,Kokkos,Reduction,32,INTEL Data Center GPU Max 1550,100.0,3.0,212848881.99928296,210597123.00000063,,0.0,22007246.666666668,20694701.333333332,164960430.33333334,ns
NBody,Kokkos,Reduction,32,INTEL Data Center GPU Max 1550,1000.0,1.0,1059274334.9989178,1057844166.0000024,,0.0,21137955.0,20721764.0,1013265700.0,ns
NBody,Kokkos,Reduction,32,INTEL Data Center GPU Max 1550,10000.0,1.0,9557858002.997818,9553953610.999998,,0.0,31355721.0,60118417.0,9461593313.0,ns
NBody,Kokkos,Reduction,32,INTEL Data Center GPU Max 1550,100000.0,1.0,104587798302.00365,104577523704.99998,,0.0,84381535.0,384568622.0,104111649512.0,ns
NBody,OpenCL,,32,INTEL Data Center GPU Max 1550,10.0,7.0,82648785.28591777,80299168.85714288,,0.0,2027451.4285714286,1852594.2857142857,3249782.8571428573,ns
NBody,OpenCL,,32,INTEL Data Center GPU Max 1550,100.0,7.0,94971267.14268233,92644057.71428569,,0.0,2111611.4285714286,1909577.142857143,19673668.57142857,ns
NBody,OpenCL,,32,INTEL Data Center GPU Max 1550,1000.0,2.0,348625758.00070775,346390414.9999999,,0.0,3319040.0,2406240.0,270066480.0,ns
NBody,OpenCL,,32,INTEL Data Center GPU Max 1550,10000.0,1.0,3035006111.000257,3032078354.0000005,,0.0,4116640.0,3294560.0,2946632320.0,ns
NBody,OpenCL,,32,INTEL Data Center GPU Max 1550,100000.0,1.0,29342860914.99962,29327739573.0,,0.0,7259520.0,18694240.0,29150637440.0,ns
NBody,OpenMP,Naive,32,INTEL Data Center GPU Max 1550,10.0,9.0,74054483.11086124,74029573.88888888,,0.0,34249713.0,16086120.666666666,23584133.111111112,ns
NBody,OpenMP,Naive,32,INTEL Data Center GPU Max 1550,100.0,4.0,161618511.4999098,161602957.24999997,,0.0,31693277.5,15153674.0,114648675.25,ns
NBody,OpenMP,Naive,32,INTEL Data Center GPU Max 1550,1000.0,1.0,1290565679.0026114,1290361200.0,,0.0,38577849.0,17354355.0,1234302714.0,ns
NBody,OpenMP,Naive,32,INTEL Data Center GPU Max 1550,10000.0,1.0,37333383031.00027,37325788440.0,,0.0,97391544.0,372211294.0,36861186604.0,ns
NBody,OpenMP,Naive,32,INTEL Data Center GPU Max 1550,100000.0,1.0,1207399667154.0007,1206986333367.0,,0.0,175457970.0,378132023.0,1206837690437.0,ns
NBody,RAJA,Naive,32,INTEL Data Center GPU Max 1550,10.0,11.0,70789071.45412153,68516147.99999999,,0.0,24047632.181818184,19845185.09090909,22824608.454545453,ns
NBody,RAJA,Naive,32,INTEL Data Center GPU Max 1550,100.0,8.0,90695249.0004187,88522743.87499997,,0.0,24420100.625,20310831.75,42155557.375,ns
NBody,RAJA,Naive,32,INTEL Data Center GPU Max 1550,1000.0,2.0,333139651.00023776,330556626.5000002,,0.0,20985395.5,17798289.5,291813233.0,ns
NBody,RAJA,Naive,32,INTEL Data Center GPU Max 1550,10000.0,1.0,2833613975.9994693,2830636230.9999995,,0.0,19658639.0,17424037.0,2794213758.0,ns
NBody,RAJA,Naive,32,INTEL Data Center GPU Max 1550,100000.0,1.0,29723447537.995525,29706347141.000004,,0.0,26334266.0,77797406.0,29612563304.0,ns
NBody,Stdpar,,32,INTEL Data Center GPU Max 1550,10.0,1.0,6365694170.002826,4083427045.9999995,,0.0,2307049176.0,1446816554.0,2610824538.0,ns
NBody,Stdpar,,32,INTEL Data Center GPU Max 1550,100.0,1.0,5671994994.001579,2795204687.0,,0.0,1896456251.0,1887155383.0,1887267341.0,ns
NBody,Stdpar,,32,INTEL Data Center GPU Max 1550,1000.0,1.0,5757009978.005954,2738351216.0,,0.0,1795952822.0,1791067130.0,2168537094.0,ns
NBody,Stdpar,,32,INTEL Data Center GPU Max 1550,10000.0,1.0,9662628036.996466,6601590452.000002,,0.0,1926178340.0,1933783168.0,5799852512.0,ns
NBody,Stdpar,,32,INTEL Data Center GPU Max 1550,100000.0,1.0,53600107682.003,50806820309.0,,0.0,1450591693.0,1490542183.0,50644474644.0,ns
Polyhedral,AdaptiveCpp,Eros,32,INTEL Data Center GPU Max 1550,14744.0,1.0,1574849324.0025709,1571219239.0,,,,,,ns
Polyhedral,AdaptiveCpp,67P_ESA_NAVCAM_Jul2015data_256k,32,INTEL Data Center GPU Max 1550,255932.0,1000.0,1017281.6460035392,554082.9249999999,,,,,,ns
Polyhedral,AdaptiveCpp,25143_Itokawa_200k,32,INTEL Data Center GPU Max 1550,196608.0,1008.0,1681292.9761871356,639528.5426587304,,,,,,ns
Polyhedral,AdaptiveCpp,a8567,32,INTEL Data Center GPU Max 1550,2780.0,997.0,1593524.061186368,629510.6870611836,,,,,,ns
Polyhedral,AdaptiveCpp,SHAPE_SFM_3M_v20180804,32,INTEL Data Center GPU Max 1550,3145728.0,1278.0,1439725.3575900125,496225.6330203453,,,,,,ns
Polyhedral,AdaptiveCpp,4179toutatis,32,INTEL Data Center GPU Max 1550,12796.0,1046.0,1704608.2151095904,661315.6567877622,,,,,,ns
Polyhedral,AdaptiveCpp,hartley2_2012_cart,32,INTEL Data Center GPU Max 1550,32040.0,1028.0,1695442.5252933945,658386.7169260727,,,,,,ns
Polyhedral,Alpaka,Eros,32,INTEL Data Center GPU Max 1550,14744.0,1.0,1217467349.997605,1213447794.0,,,,,,ns
Polyhedral,Alpaka,67P_ESA_NAVCAM_Jul2015data_256k,32,INTEL Data Center GPU Max 1550,255932.0,1.0,706340191.0054381,705606474.0000001,,,,,,ns
Polyhedral,Alpaka,25143_Itokawa_200k,32,INTEL Data Center GPU Max 1550,196608.0,1.0,687362507.9970225,686720600.0000001,,,,,,ns
Polyhedral,Alpaka,a8567,32,INTEL Data Center GPU Max 1550,2780.0,1.0,673872166.0003648,673173521.9999999,,,,,,ns
Polyhedral,Alpaka,SHAPE_SFM_3M_v20180804,32,INTEL Data Center GPU Max 1550,3145728.0,1.0,738476014.0048456,735588701.0000001,,,,,,ns
Polyhedral,Alpaka,4179toutatis,32,INTEL Data Center GPU Max 1550,12796.0,1.0,676137258.0003809,675419311.9999999,,,,,,ns
Polyhedral,Alpaka,hartley2_2012_cart,32,INTEL Data Center GPU Max 1550,32040.0,1.0,674126846.9995703,673445501.9999999,,,,,,ns
Polyhedral,Boost,Eros,32,INTEL Data Center GPU Max 1550,14744.0,8449.0,153084.13930699124,111951.9615339093,,,,,,ns
Polyhedral,Boost,67P_ESA_NAVCAM_Jul2015data_256k,32,INTEL Data Center GPU Max 1550,255932.0,8989.0,129387.56802707957,81181.28134386486,,,,,,ns
Polyhedral,Boost,25143_Itokawa_200k,32,INTEL Data Center GPU Max 1550,196608.0,7663.0,114386.12658214787,81377.90943494704,,,,,,ns
Polyhedral,Boost,a8567,32,INTEL Data Center GPU Max 1550,2780.0,9844.0,108366.4194430772,74068.74522551805,,,,,,ns
Polyhedral,Boost,SHAPE_SFM_3M_v20180804,32,INTEL Data Center GPU Max 1550,3145728.0,1601.0,557713.5783889802,421450.8850718295,,,,,,ns
Polyhedral,Boost,4179toutatis,32,INTEL Data Center GPU Max 1550,12796.0,8899.0,112396.44521854301,74347.51477694108,,,,,,ns
Polyhedral,Boost,hartley2_2012_cart,32,INTEL Data Center GPU Max 1550,32040.0,9032.0,109824.0194860522,77186.26173604895,,,,,,ns
Polyhedral,Kokkos,Eros,32,INTEL Data Center GPU Max 1550,14744.0,1.0,2258092866.0026984,2255766994.0,,,,,,ns
Polyhedral,Kokkos,67P_ESA_NAVCAM_Jul2015data_256k,32,INTEL Data Center GPU Max 1550,255932.0,1657.0,581179.8823158162,423842.4749547372,,,,,,ns
Polyhedral,Kokkos,25143_Itokawa_200k,32,INTEL Data Center GPU Max 1550,196608.0,1878.0,809355.0484528922,367656.5548455807,,,,,,ns
Polyhedral,Kokkos,a8567,32,INTEL Data Center GPU Max 1550,2780.0,2899.0,513288.90962349426,256602.23456364268,,,,,,ns
Polyhedral,Kokkos,SHAPE_SFM_3M_v20180804,32,INTEL Data Center GPU Max 1550,3145728.0,463.0,1881779.7256935365,1428147.2958963215,,,,,,ns
Polyhedral,Kokkos,4179toutatis,32,INTEL Data Center GPU Max 1550,12796.0,2184.0,792116.7422161584,320245.8452380959,,,,,,ns
Polyhedral,Kokkos,hartley2_2012_cart,32,INTEL Data Center GPU Max 1550,32040.0,1676.0,860156.5763703617,383413.54415274475,,,,,,ns
Polyhedral,OpenCL,Eros,32,INTEL Data Center GPU Max 1550,14744.0,11058.0,91287.96653982296,61107.33713148849,,,,,,ns
Polyhedral,OpenCL,67P_ESA_NAVCAM_Jul2015data_256k,32,INTEL Data Center GPU Max 1550,255932.0,9949.0,109314.8381746446,77936.0622173083,,,,,,ns
Polyhedral,OpenCL,25143_Itokawa_200k,32,INTEL Data Center GPU Max 1550,196608.0,9464.0,110079.81910362294,78539.89106086221,,,,,,ns
Polyhedral,OpenCL,a8567,32,INTEL Data Center GPU Max 1550,2780.0,12137.0,115730.37719371011,81003.75776551054,,,,,,ns
Polyhedral,OpenCL,SHAPE_SFM_3M_v20180804,32,INTEL Data Center GPU Max 1550,3145728.0,1702.0,556999.4823733078,417333.94359577034,,,,,,ns
Polyhedral,OpenCL,4179toutatis,32,INTEL Data Center GPU Max 1550,12796.0,11918.0,90367.77949366797,61137.38152374543,,,,,,ns
Polyhedral,OpenCL,hartley2_2012_cart,32,INTEL Data Center GPU Max 1550,32040.0,9452.0,107875.80088883646,74115.33241641954,,,,,,ns
Polyhedral,OpenMP,Eros,32,INTEL Data Center GPU Max 1550,14744.0,1.0,607466107.0015281,602528883.0000001,,,,,,ns
Polyhedral,OpenMP,67P_ESA_NAVCAM_Jul2015data_256k,32,INTEL Data Center GPU Max 1550,255932.0,292.0,2375455.876723233,2375140.732876713,,,,,,ns
Polyhedral,OpenMP,25143_Itokawa_200k,32,INTEL Data Center GPU Max 1550,196608.0,366.0,1891255.513646435,1890973.0327868862,,,,,,ns
Polyhedral,OpenMP,a8567,32,INTEL Data Center GPU Max 1550,2780.0,2241.0,313829.3547503129,312852.8215082552,,,,,,ns
Polyhedral,OpenMP,SHAPE_SFM_3M_v20180804,32,INTEL Data Center GPU Max 1550,3145728.0,25.0,27255786.99988546,27252053.560000032,,,,,,ns
Polyhedral,OpenMP,4179toutatis,32,INTEL Data Center GPU Max 1550,12796.0,1797.0,390196.4535328205,390147.79744017794,,,,,,ns
Polyhedral,OpenMP,hartley2_2012_cart,32,INTEL Data Center GPU Max 1550,32040.0,1231.0,559099.3403708661,559016.7034930947,,,,,,ns
Polyhedral,RAJA,Eros,32,INTEL Data Center GPU Max 1550,14744.0,90.0,13477593.65558482,7667397.222222224,,,,,,ns
Polyhedral,RAJA,67P_ESA_NAVCAM_Jul2015data_256k,32,INTEL Data Center GPU Max 1550,255932.0,72.0,13353494.541661348,10850144.555555563,,,,,,ns
Polyhedral,RAJA,25143_Itokawa_200k,32,INTEL Data Center GPU Max 1550,196608.0,53.0,13166745.283085203,9551339.773584902,,,,,,ns
Polyhedral,RAJA,a8567,32,INTEL Data Center GPU Max 1550,2780.0,83.0,11216018.265039599,8370239.638554213,,,,,,ns
Polyhedral,RAJA,SHAPE_SFM_3M_v20180804,32,INTEL Data Center GPU Max 1550,3145728.0,20.0,31961018.29998952,30422556.94999998,,,,,,ns
Polyhedral,RAJA,4179toutatis,32,INTEL Data Center GPU Max 1550,12796.0,110.0,6679007.599979575,4784787.73636365,,,,,,ns
Polyhedral,RAJA,hartley2_2012_cart,32,INTEL Data Center GPU Max 1550,32040.0,132.0,6287523.333329855,4956425.462121225,,,,,,ns
Polyhedral,Stdpar,Eros,32,INTEL Data Center GPU Max 1550,14744.0,1.0,3046045060.0003242,3039892159.0,,,,,,ns
Polyhedral,Stdpar,67P_ESA_NAVCAM_Jul2015data_256k,32,INTEL Data Center GPU Max 1550,255932.0,196.0,8877276.107137285,3491620.887755098,,,,,,ns
Polyhedral,Stdpar,25143_Itokawa_200k,32,INTEL Data Center GPU Max 1550,196608.0,195.0,9141408.48714548,3680416.697436,,,,,,ns
Polyhedral,Stdpar,a8567,32,INTEL Data Center GPU Max 1550,2780.0,229.0,7746451.4628739515,3132171.1703056847,,,,,,ns
Polyhedral,Stdpar,SHAPE_SFM_3M_v20180804,32,INTEL Data Center GPU Max 1550,3145728.0,38.0,20182497.23685011,14692327.473683596,,,,,,ns
Polyhedral,Stdpar,4179toutatis,32,INTEL Data Center GPU Max 1550,12796.0,221.0,6042451.113125318,3105486.837104282,,,,,,ns
Polyhedral,Stdpar,hartley2_2012_cart,32,INTEL Data Center GPU Max 1550,32040.0,188.0,9192984.106390368,3727998.9042555457,,,,,,ns
VecAdd,AdaptiveCpp,,32,INTEL Data Center GPU Max 1550,1000.0,739.0,1576368.7523695796,796157.699594046,4007.144790257104,,,,,ns
VecAdd,AdaptiveCpp,,32,INTEL Data Center GPU Max 1550,10000.0,811.0,1694281.6399541395,876870.2404438962,5365.030826140567,,,,,ns
VecAdd,AdaptiveCpp,,32,INTEL Data Center GPU Max 1550,100000.0,378.0,2986866.063500721,1840249.367724867,4971.428571428572,,,,,ns
VecAdd,AdaptiveCpp,,32,INTEL Data Center GPU Max 1550,1000000.0,123.0,5765498.528430689,5217498.235772355,7527.804878048781,,,,,ns
VecAdd,AdaptiveCpp,,32,INTEL Data Center GPU Max 1550,10000000.0,7.0,79898082.57116237,77358976.71428572,49942.857142857145,,,,,ns
VecAdd,AdaptiveCpp,,32,INTEL Data Center GPU Max 1550,100000000.0,1.0,856672847.0032103,842748364.0000002,641920.0,,,,,ns
VecAdd,Alpaka,,32,INTEL Data Center GPU Max 1550,1000.0,188.0,4148874.7233899552,2716087.1595744677,2047031.2659574468,,,,,ns
VecAdd,Alpaka,,32,INTEL Data Center GPU Max 1550,10000.0,531.0,2579814.054619121,1131962.030131827,561868.3709981168,,,,,ns
VecAdd,Alpaka,,32,INTEL Data Center GPU Max 1550,100000.0,123.0,6902227.8536378015,4302359.845528456,3241525.9918699185,,,,,ns
VecAdd,Alpaka,,32,INTEL Data Center GPU Max 1550,1000000.0,64.0,11271026.218764747,8723831.031250019,6133281.078125,,,,,ns
VecAdd,Alpaka,,32,INTEL Data Center GPU Max 1550,10000000.0,23.0,23987168.565129295,22228680.695652176,8356082.956521739,,,,,ns
VecAdd,Alpaka,,32,INTEL Data Center GPU Max 1550,100000000.0,3.0,202108604.66856197,199602681.33333278,66696351.666666664,,,,,ns
VecAdd,Boost,,32,INTEL Data Center GPU Max 1550,1000.0,294.0,2197505.445586839,1744327.6700680277,1198096.574829932,,,,,ns
VecAdd,Boost,,32,INTEL Data Center GPU Max 1550,10000.0,516.0,2459743.641472675,978799.0387596893,493146.0600775194,,,,,ns
VecAdd,Boost,,32,INTEL Data Center GPU Max 1550,100000.0,444.0,4029193.7860331987,1737882.5540540537,937551.3693693693,,,,,ns
VecAdd,Boost,,32,INTEL Data Center GPU Max 1550,1000000.0,137.0,6610461.503654348,4224554.445255472,2413979.270072993,,,,,ns
VecAdd,Boost,,32,INTEL Data Center GPU Max 1550,10000000.0,10.0,52810429.20032632,50360198.70000015,29692074.8,,,,,ns
VecAdd,Boost,,32,INTEL Data Center GPU Max 1550,100000000.0,2.0,357716988.00090235,353968844.49999976,92179885.0,,,,,ns
VecAdd,Kokkos,,32,INTEL Data Center GPU Max 1550,1000.0,1.0,523635250.99644905,519465134.00000006,514082325.0,,,,,ns
VecAdd,Kokkos,,32,INTEL Data Center GPU Max 1550,10000.0,482.0,3262435.062251033,1379405.5165975108,427841.6058091286,,,,,ns
VecAdd,Kokkos,,32,INTEL Data Center GPU Max 1550,100000.0,266.0,3688832.684231859,2387899.3571428577,593756.5676691729,,,,,ns
VecAdd,Kokkos,,32,INTEL Data Center GPU Max 1550,1000000.0,70.0,11972238.028621567,9912742.742857147,682670.5857142857,,,,,ns
VecAdd,Kokkos,,32,INTEL Data Center GPU Max 1550,10000000.0,5.0,130353932.79860727,127188285.00000007,1562198.6,,,,,ns
VecAdd,Kokkos,,32,INTEL Data Center GPU Max 1550,100000000.0,1.0,566050782.9961716,564363128.0000001,2926541.0,,,,,ns
VecAdd,OpenCL,,32,INTEL Data Center GPU Max 1550,1000.0,892.0,2307088.4585180744,903677.4663677132,5202.152466367713,,,,,ns
VecAdd,OpenCL,,32,INTEL Data Center GPU Max 1550,10000.0,1284.0,870464.1783491032,544646.8598130841,5372.21183800623,,,,,ns
VecAdd,OpenCL,,32,INTEL Data Center GPU Max 1550,100000.0,670.0,1632993.677613645,1089236.7388059695,5664.7164179104475,,,,,ns
VecAdd,OpenCL,,32,INTEL Data Center GPU Max 1550,1000000.0,212.0,3036817.4245251007,2498131.2971698097,8871.698113207547,,,,,ns
VecAdd,OpenCL,,32,INTEL Data Center GPU Max 1550,10000000.0,12.0,63069859.33345762,61478626.83333323,342133.3333333333,,,,,ns
VecAdd,OpenCL,,32,INTEL Data Center GPU Max 1550,100000000.0,1.0,721664828.0009395,637895951.9999992,700000.0,,,,,ns
VecAdd,OpenMP,,32,INTEL Data Center GPU Max 1550,1000.0,19273.0,36284.359310877975,36280.50319099259,36064.13241322057,,,,,ns
VecAdd,OpenMP,,32,INTEL Data Center GPU Max 1550,10000.0,3990.0,280115.1235586728,191974.85789473692,276919.02957393485,,,,,ns
VecAdd,OpenMP,,32,INTEL Data Center GPU Max 1550,100000.0,2122.0,420208.62346963165,332823.26248821866,385779.7422243167,,,,,ns
VecAdd,OpenMP,,32,INTEL Data Center GPU Max 1550,1000000.0,344.0,4555137.625005913,2069402.9127906978,3876725.197674419,,,,,ns
VecAdd,OpenMP,,32,INTEL Data Center GPU Max 1550,10000000.0,25.0,28416791.35977756,25895472.239999965,10677364.76,,,,,ns
VecAdd,OpenMP,,32,INTEL Data Center GPU Max 1550,100000000.0,3.0,274136354.33428377,270115302.6666668,61574496.0,,,,,ns
VecAdd,RAJA,,32,INTEL Data Center GPU Max 1550,1000.0,393.0,2555002.21375107,1764671.82697201,1077200.6819338421,,,,,ns
VecAdd,RAJA,,32,INTEL Data Center GPU Max 1550,10000.0,302.0,2062262.01986066,1739871.4403973506,1134527.2947019867,,,,,ns
VecAdd,RAJA,,32,INTEL Data Center GPU Max 1550,100000.0,219.0,7853403.36072349,5333951.168949772,3885610.579908676,,,,,ns
VecAdd,RAJA,,32,INTEL Data Center GPU Max 1550,1000000.0,43.0,18788391.511534005,15981670.744186046,13054543.953488372,,,,,ns
VecAdd,RAJA,,32,INTEL Data Center GPU Max 1550,10000000.0,6.0,127214951.0004965,118951273.66666669,92634584.66666667,,,,,ns
VecAdd,RAJA,,32,INTEL Data Center GPU Max 1550,100000000.0,2.0,513620880.9999516,497253823.49999946,375874430.5,,,,,ns
VecAdd,Stdpar,,32,INTEL Data Center GPU Max 1550,1000.0,1.0,547095804.0023106,543877067.9999999,546438961.0,,,,,ns
VecAdd,Stdpar,,32,INTEL Data Center GPU Max 1550,10000.0,250.0,5203120.523976395,2699301.2399999993,4147326.284,,,,,ns
VecAdd,Stdpar,,32,INTEL Data Center GPU Max 1550,100000.0,169.0,6361563.952673108,3699346.9644970424,4033592.278106509,,,,,ns
VecAdd,Stdpar,,32,INTEL Data Center GPU Max 1550,1000000.0,72.0,11291955.736143993,8422616.250000002,4476532.319444444,,,,,ns
VecAdd,Stdpar,,32,INTEL Data Center GPU Max 1550,10000000.0,12.0,59918925.49961146,56289993.916666634,9478781.5,,,,,ns
VecAdd,Stdpar,,32,INTEL Data Center GPU Max 1550,100000000.0,2.0,488213152.9993785,480302119.4999997,59334791.0,,,,,ns
